Version Year,Company Name,Address,ZIP Code,Record Type,Primary SIC Code,Primary SIC Description,Primary NAICS,Primary NAICS Description,Location Employee Size Range,Location Type,Years In Database,Year Established
2017,100 West Oxford Street Prtnrs,100 W Oxford St,19122,Verified,653118,Real Estate,53121003,Offices Of Real Estate Agents And Brokers,5 to 9,Single Loc,12,
2017,11th & Columbia Playground,1001 Cecil B Moore Ave,19122,Verified,912104,Government Offices-City/Village & Twp,92112006,Legislative Bodies,5 to 9,Single Loc,26,
2017,1309-11 N Lawrence St Condo,1309 N Lawrence St,19122,Verified,655202,Real Estate Developers,23721005,Land Subdivision,5 to 9,Single Loc,17,
2017,1801 N 10th Street Assoc LP,1801 N 10th St,19122,Verified,653118,Real Estate,53121003,Offices Of Real Estate Agents And Brokers,5 to 9,Single Loc,13,
2017,1st & Fresh Catering,1626 N American St,19122,Verified,581212,Caterers,72232001,Caterers,20 to 49,Single Loc,15,
2017,32 Lofts,1701 N 6th St,19122,Verified,651303,Apartments,53111002,Lessors Of Residential Buildings And Dwellings,5 to 9,Single Loc,13,
2017,7-Eleven,1912 Liacouras Walk,19122,Verified,541103,Convenience Stores,44513101,Convenience Retailers,5 to 9,Branch,14,
2017,703 Medical Diagnostic Ctr,703 Cecil B Moore Ave,19122,Verified,801101,Physicians & Surgeons,62111107,Offices Of Physicians (Except Mental Health Specia,1 to 4,Single Loc,40,
2017,703 Medical Diagnostic Ctr,703 Cecil B Moore Ave,19122,Verified,801104,Clinics,62111129,Offices Of Physicians (Except Mental Health Specia,5 to 9,Single Loc,42,
2017,8th & Diamond Playground,2032 N 8th St,19122,Verified,912104,Government Offices-City/Village & Twp,92112006,Legislative Bodies,5 to 9,Single Loc,34,
2017,A P M,600 Diamond St,19122,Verified,832218,Social Service & Welfare Organizations,62419012,Other Individual And Family Services,10 to 19,Single Loc,12,
2017,ABC Capital Investment,1218 N Marshall St,19122,Verified,628203,Financial Advisory Services,52394006,Portfolio Management And Investment Advice,5 to 9,Single Loc,15,
2017,Achievement Through Couseling,1745 N 4th St,19122,Verified,839901,Drug Abuse & Addiction Info & Treatment,81331904,Other Social Advocacy Organizations,20 to 49,Single Loc,33,
2017,Action Mill LLC,1227 N 4th St,19122,Verified,874899,Consultants-Business NEC,54161830,Other Management Consulting Services,1 to 4,Single Loc,14,
2017,Adriatic Grill,1835 N 12th St # 4,19122,Verified,581208,Restaurants,72251117,Full-Service Restaurants,1 to 4,Single Loc,17,
2017,Adult Anxiety Clinic Of Temple,1701 N 13th St,19122,Verified,801104,Clinics,62111129,Offices Of Physicians (Except Mental Health Specia,10 to 19,Single Loc,20,
2017,Aim Security,1706 N 2nd St,19122,Verified,738102,Security Guard & Patrol Service,56161208,Security Guards And Patrol Services,10 to 19,Single Loc,14,
2017,Al-Aqsa Islamic School,1501 Germantown Ave,19122,Verified,821101,Religious Schools,61111004,Elementary And Secondary Schools,20 to 49,Single Loc,29,1996
2017,Al-Aqsa Islamic Society,1501 Germantown Ave,19122,Verified,866137,Mosques Muslim-Islamic Charitable-Orgztn,81311036,Religious Organizations,20 to 49,Single Loc,15,
2017,Alamodak Restaurant,161 Cecil B Moore Ave,19122,Verified,581208,Restaurants,72251117,Full-Service Restaurants,1 to 4,Single Loc,9,1999
2017,Ali's Middle East Food,1835 N 12th St,19122,Verified,581208,Restaurants,72251117,Full-Service Restaurants,1 to 4,Single Loc,26,
2017,AM Electrical Svc LLC,123 W Susquehanna Ave,19122,Verified,173101,Electric Contractors,23821007,Electrical Contractors And Other Wiring Installati,1 to 4,Single Loc,15,
2017,American Federation Of T,1900 N 13th St # A231,19122,Verified,863101,Labor Organizations,81393001,Labor Unions And Similar Labor Organizations,5 to 9,Single Loc,11,1998
2017,American Metal Moulding Corp,1801 N American St,19122,Verified,571211,Kitchen Cabinets & Equipment-Household,33711006,Wood Kitchen Cabinet And Countertop Manufacturing,20 to 49,Single Loc,29,1977
2017,American Vinyl Products Inc,1426 N Front St,19122,Verified,571969,Window Treatments,44912970,All Other Home Furnishings Retailers,10 to 19,Single Loc,29,1966
2017,"Andresen, Nancy B Np",1810 Liacouras Walk,19122,Verified,804907,Nurses-Practitioners,62139923,Offices Of All Other Miscellaneous Health Practiti,1 to 4,Single Loc,14,
2017,"Andriole, Rebecca",1900 N 9th St # 104,19122,Verified,804922,Psychologists,62139936,Offices Of All Other Miscellaneous Health Practiti,1 to 4,Single Loc,10,
2017,Andy & Fred Torres,1919 N 2nd St,19122,Verified,753801,Automobile Repairing & Service,81111104,General Automotive Repair,1 to 4,Single Loc,22,
2017,Apm,1900 N 9th St # 102,19122,Verified,152105,Home Improvements,23611816,Residential Remodelers,1 to 4,Single Loc,28,
2017,Arab-American Development Corp,1501 Germantown Ave,19122,Verified,832218,Social Service & Welfare Organizations,62419012,Other Individual And Family Services,10 to 19,Single Loc,13,
2017,Artwell,100 W Oxford St # E201,19122,Verified,869999,Membership Organizations NEC,81341020,Civic And Social Organizations,5 to 9,Single Loc,11,2000
2017,Asociacion De Puertorriquenos,1900 N 9th St # 102,19122,Verified,832218,Social Service & Welfare Organizations,62419012,Other Individual And Family Services,10 to 19,Single Loc,22,
2017,Asociacion Puertorriquenos Apm,600 Diamond St,19122,Verified,832218,Social Service & Welfare Organizations,62419012,Other Individual And Family Services,5 to 9,Single Loc,30,
2017,Atlantic Diagnostics Labs Inc,136 Diamond St,19122,Verified,802101,Dentists,62121003,Offices Of Dentists,1 to 4,Single Loc,14,
2017,Atlantic Diagnostics Labs Inc,136 Diamond St,19122,Verified,807101,Laboratories-Medical,62151106,Medical Laboratories,10 to 19,Single Loc,15,
2017,Audio Visual Rental Svc LLC,1950 N 9th St # 444,19122,Verified,999966,Federal Government Contractors,99999005,Unclassified Establishments,1 to 4,Single Loc,17,
2017,Auntie Anne's Pretzels,1601 N Broad St,19122,Verified,546108,Pretzels-Retail,72251514,Snack And Nonalcoholic Beverage Bars,10 to 19,Branch,13,
2017,Auntie Anne's Pretzels,1755 N 13th St # 2,19122,Verified,546108,Pretzels-Retail,72251514,Snack And Nonalcoholic Beverage Bars,10 to 19,Branch,13,
2017,Avant Gardens Inc,1848 N Front St,19122,Verified,078204,Landscape Contractors,56173009,Landscaping Services,5 to 9,Single Loc,19,1982
2017,"Ayton, Dale E",100 W Oxford St,19122,Verified,804907,Nurses-Practitioners,62139923,Offices Of All Other Miscellaneous Health Practiti,1 to 4,Single Loc,11,
2017,Backseat Conceptions LLC,1600 N 5th St,19122,Verified,781217,Production Services,51211017,Motion Picture And Video Production,1 to 4,Single Loc,15,2003
2017,"Bader, Frederick C",1231 N Broad St # 5,19122,Verified,804922,Psychologists,62139936,Offices Of All Other Miscellaneous Health Practiti,1 to 4,Single Loc,10,
2017,"Bajwa, Alia Ramos MD",1810 Liacouras Walk # 5,19122,Verified,801101,Physicians & Surgeons,62111107,Offices Of Physicians (Except Mental Health Specia,1 to 4,Single Loc,11,
2017,Baker Garage Doors,1735 N 13th St,19122,Verified,521101,Doors-Garage,44418018,Other Building Material Dealers,5 to 9,Single Loc,13,
2017,Barnes & Noble Clg Booksellers,13th & Montgomery,19122,Verified,594201,Book Dealers-Retail,45921005,Book Retailers And News Dealers,5 to 9,Branch,9,
2017,Barnes & Noble College,1601 N Broad St,19122,Verified,594201,Book Dealers-Retail,45921005,Book Retailers And News Dealers,1 to 4,Branch,11,
2017,"Barrila, Nunzio D",2037 N Front St,19122,Verified,724101,Barbers,81211101,Barber Shops,1 to 4,Single Loc,25,
2017,"Bender, Alexis",1801 N Broad St,19122,Verified,804918,Physical Therapists,62134007,"Offices Of Physical, Occupational And Speech Thera",1 to 4,Single Loc,9,
2017,Benja Styles,1627 N 2nd St,19122,Verified,723106,Beauty Salons,81211202,Beauty Salons,1 to 4,Single Loc,11,
2017,"Bennion, David C",1706 N 2nd St # 1,19122,Verified,811103,Attorneys,54111002,Offices Of Lawyers,1 to 4,Single Loc,12,
2017,Bernard's Sign,1331 N Howard St,19122,Verified,399302,Signs (Mfrs),33995008,Sign Manufacturing,20 to 49,Single Loc,18,1939
2017,Bicycle Transit Systems,1330 N 5th St,19122,Verified,411102,Transit Lines,48511901,Other Urban Transit Systems,20 to 49,Single Loc,11,
2017,"Billings, Kayleigh",1801 N 10th St # 618,19122,Verified,832282,Counselors,62419036,Other Individual And Family Services,1 to 4,Single Loc,11,
2017,Binsky & Snyder,2003 N 11th St,19122,Verified,874104,Construction Management,23799012,Other Heavy And Civil Engineering Construction,5 to 9,Single Loc,13,
2017,Biology Library,Biological Life Bldg 248,19122,Verified,823109,Libraries-Institutional,51921005,Libraries And Archives,1 to 4,Branch,30,
2017,Blackhawks Athletic Club,1033 Cecil B Moore Ave,19122,Verified,864108,Clubs,81341004,Civic And Social Organizations,5 to 9,Single Loc,16,
2017,Blaze Pizza,1100 W Montgomery Ave # C,19122,Verified,581222,Pizza,72251115,Full-Service Restaurants,1 to 4,Branch,11,
2017,Bolle Design,1853 N Howard St,19122,Verified,571217,Furniture-Designers & Custom Builders,33712205,Nonupholstered Wood Household Furniture Manufactur,1 to 4,Single Loc,29,
2017,Boom Room,1300 N Front St,19122,Verified,738947,Recording Studios,51224002,Sound Recording Studios,1 to 4,Single Loc,11,
2017,"Bossbaly, Jose A MD",136 Diamond St,19122,Verified,801101,Physicians & Surgeons,62111107,Offices Of Physicians (Except Mental Health Specia,1 to 4,Single Loc,11,
2017,Bp,1201 N Broad St,19122,Verified,554101,Service Stations-Gasoline & Oil,45712003,Other Gasoline Stations,1 to 4,Branch,26,
2017,Bright Common Architecture,1425 N 2nd St # 22a,19122,Verified,871202,Architects,54131001,Architectural Services,5 to 9,Single Loc,12,
2017,Bright Hope Baptist Chr Fed Cu,1130 Cecil B Moore Ave,19122,Verified,606101,Credit Unions,52213003,Credit Unions,1 to 4,Single Loc,15,
2017,Bright Hope Non-Profit Corp,1600 N 8th St,19122,Verified,832218,Social Service & Welfare Organizations,62419012,Other Individual And Family Services,10 to 19,Single Loc,13,
2017,Broad Street Health Ctr,1415 N Broad St # 224,19122,Verified,801101,Physicians & Surgeons,62111107,Offices Of Physicians (Except Mental Health Specia,10 to 19,Single Loc,30,
2017,Brunilda Gonzalez Grocery,1400 N 7th St,19122,Verified,541105,Grocers-Retail,44511003,Supermarkets And Other Grocery Retailers (Except C,1 to 4,Single Loc,21,
2017,"Burkhardt, Kimberly",1353 N Mascher St,19122,Verified,804917,Dietitians,62139904,Offices Of All Other Miscellaneous Health Practiti,1 to 4,Single Loc,11,
2017,Buzz Cafe,1800 N Howard St,19122,Verified,581228,Coffee Shops,72251505,Snack And Nonalcoholic Beverage Bars,1 to 4,Single Loc,14,
2017,C & N Cleaning Svc LLC,1323 N 10th St,19122,Verified,734902,Janitor Service,56172001,Janitorial Services,5 to 9,Single Loc,13,
2017,C Erickson & Sons,170 W Berks St,19122,Verified,152144,Construction Companies,23611512,New Single-Family Housing Construction (Except For,1 to 4,Single Loc,15,
2017,C M A,1731 Tilghman St,19122,Verified,874214,Marketing Consultants,54161302,Marketing Consulting Services,10 to 19,Single Loc,12,
2017,C M Grocery Inc,1500 N 6th St,19122,Verified,541105,Grocers-Retail,44511003,Supermarkets And Other Grocery Retailers (Except C,1 to 4,Single Loc,14,
2017,Campus Park East LLC,1933 N 7th St,19122,Verified,651303,Apartments,53111002,Lessors Of Residential Buildings And Dwellings,5 to 9,Single Loc,13,
2017,Campus Park East LLC,1925 N 7th St,19122,Verified,703301,Campgrounds,72121101,Rv (Recreational Vehicle) Parks And Campgrounds,1 to 4,Single Loc,13,
2017,Campus Park East LLC,1923 N 7th St,19122,Verified,799951,Parks,71219004,Nature Parks And Other Similar Institutions,10 to 19,Single Loc,13,
2017,Campus Park LLC,1921 N 7th St,19122,Verified,651303,Apartments,53111002,Lessors Of Residential Buildings And Dwellings,5 to 9,Single Loc,13,
2017,Car 1 Towing,2121 N American St,19122,Verified,754901,Wrecker Service,48841006,Motor Vehicle Towing,1 to 4,Single Loc,17,
2017,Carico International,1706 N 2nd St,19122,Verified,809936,Health Education,62199917,All Other Miscellaneous Ambulatory Health Care Ser,10 to 19,Single Loc,14,
2017,Casa De Venezuela,1417 N 2nd St # 1,19122,Verified,869903,Organizations,81341018,Civic And Social Organizations,1 to 4,Single Loc,13,
2017,Ceiba Inc,147 W Susquehanna Ave,19122,Verified,874824,City Regional & Town Planners,54132011,Landscape Architectural Services,5 to 9,Single Loc,32,1989
2017,Center For Student Missions,1755 N 13th St,19122,Verified,864103,Civic Organizations,81341001,Civic And Social Organizations,5 to 9,Single Loc,10,
2017,Centro Pedro Claver,149 W Susquehanna Ave,19122,Verified,832218,Social Service & Welfare Organizations,62419012,Other Individual And Family Services,10 to 19,Single Loc,15,
2017,Cescaphe,1300 N Howard St,19122,Verified,791102,Ballrooms,71399005,All Other Amusement And Recreation Industries,10 to 19,Single Loc,14,
2017,Chaes Food,2100 N American St,19122,Verified,541104,,,,20 to 49,Single Loc,17,
2017,Changing Tracks,1231 N Broad St # 2,19122,Verified,832222,Youth Organizations & Centers,62411006,Child And Youth Services,5 to 9,Single Loc,14,1999
2017,Charles Schober Co,2024 N 2nd St,19122,Verified,509905,Importers (Whls),42399019,Other Miscellaneous Durable Goods Merchant Wholesa,5 to 9,Single Loc,39,1892
2017,Chaudry & Assoc,136 Diamond St,19122,Verified,802101,Dentists,62121003,Offices Of Dentists,1 to 4,Single Loc,42,
2017,Chef's Design Inc,1627 Germantown Ave,19122,Verified,344414,Range Hoods & Canopies-Manufacturers,33243914,Other Metal Container Manufacturing,10 to 19,Single Loc,29,
2017,China Star,2000 Germantown Ave,19122,Verified,581208,Restaurants,72251117,Full-Service Restaurants,1 to 4,Single Loc,24,
2017,Chipotle Mexican Grill,1100 W Montgomery Ave # A,19122,Verified,581208,Restaurants,72251117,Full-Service Restaurants,10 to 19,Branch,12,
2017,"Chisolm, Andrea M Phd",801 W Girard Ave,19122,Verified,804922,Psychologists,62139936,Offices Of All Other Miscellaneous Health Practiti,1 to 4,Single Loc,11,
2017,Circlerank Seo & Digital Mktng,310 W Master St # 202,19122,Verified,737415,Internet Service,51821013,"Computing Infrastructure Providers, Data Processin",5 to 9,Single Loc,12,
2017,Citizens Bank,1501 N Broad St # 1,19122,Verified,602101,Banks,52211002,Commercial Banking,5 to 9,Branch,20,1968
2017,City Gourmet,1000 Diamond St # 102,19122,Verified,549920,Gourmet Shops,44529812,All Other Specialty Food Retailers,1 to 4,Single Loc,13,
2017,Clevermask,1932 Waterloo St,19122,Verified,731115,Advertising Marketing,54181015,Advertising Agencies,5 to 9,Single Loc,11,2013
2017,"Cobb, Justin",1801 N Broad St,19122,Verified,804918,Physical Therapists,62134007,"Offices Of Physical, Occupational And Speech Thera",1 to 4,Single Loc,9,
2017,Coffeeshapp,,19122,Verified,737505,Online Services,51781012,All Other Telecommunications,1 to 4,Single Loc,11,
2017,"Coleman, Joan",100 W Oxford St,19122,Verified,804907,Nurses-Practitioners,62139923,Offices Of All Other Miscellaneous Health Practiti,1 to 4,Single Loc,10,
2017,Community Auto Ctr,500 W Norris St,19122,Verified,753801,Automobile Repairing & Service,81111104,General Automotive Repair,1 to 4,Single Loc,42,
2017,Compete 360,1639 N Hancock St # 309,19122,Verified,799999,Amusement & Recreation NEC,71399002,All Other Amusement And Recreation Industries,1 to 4,Single Loc,13,
2017,Congreso De Latinos Unidos Inc,444 W Susquehanna Ave,19122,Verified,832215,Marriage & Family Counselors,62419011,Other Individual And Family Services,10 to 19,Single Loc,10,1854
2017,Continuum Architecture & Dsgn,1219 N 4th St,19122,Verified,871202,Architects,54131001,Architectural Services,5 to 9,Single Loc,15,2005
2017,Conwell Inn,1331 W Polett Walk,19122,Verified,701101,Hotels & Motels,72111002,Hotels (Except Casino Hotels) And Motels,10 to 19,Single Loc,24,
2017,Cordoza Jacks Funeral Home,1403 N Franklin St,19122,Verified,726102,Crematories,81222007,Cemeteries And Crematories,1 to 4,Single Loc,18,
2017,Cornell Univ,1301 Cecil B Moore Ave Ritter,19122,Verified,822101,Schools-Universities & Colleges Academic,61131009,"Colleges, Universities, And Professional Schools",10 to 19,Single Loc,9,
2017,Costar Industrial Resource Ctr,1601 N Broad St,19122,Verified,508522,Industrial Equipment & Supplies (Whls),42383035,Industrial Machinery And Equipment Merchant Wholes,5 to 9,Single Loc,24,
2017,Cousins Super Market Inc,1900 N 5th St,19122,Verified,541105,Grocers-Retail,44511003,Supermarkets And Other Grocery Retailers (Except C,100 to 249,Single Loc,25,
2017,Crane Arts LLC,1400 N American St # 100,19122,Verified,829919,Art Instruction & Schools,61161001,Fine Arts Schools,1 to 4,Single Loc,21,1901
2017,Credence Home Care Agency Inc,1415 N Broad St # 118,19122,Verified,808201,Home Health Service,62161001,Home Health Care Services,20 to 49,Single Loc,14,
2017,Creperie,1291 W Norris St,19122,Verified,581208,Restaurants,72251117,Full-Service Restaurants,1 to 4,Single Loc,14,
2017,Cristian's Auto Sales,2058 N 2nd St,19122,Verified,551103,,,,1 to 4,Single Loc,16,
2017,"Crookshank, Melissa C MD",1810 Liacouras Walk # 5,19122,Verified,801101,Physicians & Surgeons,62111107,Offices Of Physicians (Except Mental Health Specia,1 to 4,Single Loc,16,
2017,Cross Fit Novem,1732 N Howard St,19122,Verified,799101,Health Clubs Studios & Gymnasiums,71394011,Fitness And Recreational Sports Centers,1 to 4,Branch,13,
2017,Cruz Recreation Ctr,551 6th St,19122,Verified,799701,Recreation Centers,71394015,Fitness And Recreational Sports Centers,1 to 4,Single Loc,28,1855
2017,Crystal's Novelties,1617 N 2nd St,19122,Verified,594716,Party Supplies,45942026,"Gift, Novelty, And Souvenir Retailers",1 to 4,Single Loc,13,
2017,Csc Car Stereo Ctr,1233 N Front St,19122,Verified,553114,Automobile Radio & Stereo Systs-Sls/Svc,44133013,Automotive Parts And Accessories Retailers,1 to 4,Single Loc,26,
2017,Csc Electronics,1233 N Front St,19122,Verified,573117,Electronic Equipment & Supplies-Retail,44921038,Electronics And Appliance Retailers,1 to 4,Single Loc,11,
2017,Customers Bank,1501 N Broad St # 201,19122,Verified,602101,Banks,52211002,Commercial Banking,5 to 9,Branch,10,
2017,Cvs Specialty Pharmacy,110 W Susquehanna Ave,19122,Verified,591205,Pharmacies,45611009,Pharmacies And Drug Retailers,20 to 49,Branch,12,
2017,Dabour Maher Grocery,1501 Germantown Ave,19122,Verified,541105,Grocers-Retail,44511003,Supermarkets And Other Grocery Retailers (Except C,1 to 4,Single Loc,24,
2017,Dalin Financial,1801 N American St # 2,19122,Verified,653104,Real Estate Investments,53121004,Offices Of Real Estate Agents And Brokers,5 to 9,Single Loc,12,
2017,"Daniels, Benjamin",1306 N 6th St # 101,19122,Verified,804922,Psychologists,62139936,Offices Of All Other Miscellaneous Health Practiti,1 to 4,Single Loc,11,
2017,Davicito Mini Market,804 W Susquehanna Ave,19122,Verified,541105,Grocers-Retail,44511003,Supermarkets And Other Grocery Retailers (Except C,1 to 4,Single Loc,19,
2017,Dean Office Fox Sch-Bus Mgmt,1810 Liacouras Walk # 362,19122,Verified,822101,Schools-Universities & Colleges Academic,61131009,"Colleges, Universities, And Professional Schools",10 to 19,Single Loc,26,1918
2017,"Dede, Gayle",1701 N 13th St # 110,19122,Verified,804925,Speech Pathologists,62134009,"Offices Of Physical, Occupational And Speech Thera",1 to 4,Single Loc,9,
2017,Demarest Architecture,1400 N American St # 406,19122,Verified,871202,Architects,54131001,Architectural Services,5 to 9,Single Loc,13,
2017,"Demaria Jr, Peter A MD",1810 Liacouras Walk # 5,19122,Verified,801101,Physicians & Surgeons,62111107,Offices Of Physicians (Except Mental Health Specia,1 to 4,Single Loc,14,
2017,Dendy Recreation Ctr,1555 N 10th St,19122,Verified,799951,Parks,71219004,Nature Parks And Other Similar Institutions,1 to 4,Single Loc,34,
2017,Derisory Designs Inc,1627 N 2nd St # 130,19122,Verified,733609,Silk Screen Printing,54143015,Graphic Design Services,5 to 9,Single Loc,15,
2017,"Di Mino, John MD",1810 Liacouras Walk # 5,19122,Verified,801101,Physicians & Surgeons,62111107,Offices Of Physicians (Except Mental Health Specia,1 to 4,Single Loc,13,
2017,Diamond Club,1913 N Broad St,19122,Verified,899999,Services NEC,54199009,"All Other Professional, Scientific, And Technical",20 to 49,Single Loc,20,
2017,Diamond Club Catering,1913 N Broad St,19122,Verified,581212,Caterers,72232001,Caterers,20 to 49,Single Loc,42,
2017,Diamond Cutz,1000 Diamond St # 106,19122,Verified,723106,Beauty Salons,81211202,Beauty Salons,1 to 4,Single Loc,12,
2017,Diamond Green Apts,1000 Diamond St,19122,Verified,651303,Apartments,53111002,Lessors Of Residential Buildings And Dwellings,10 to 19,Single Loc,12,1979
2017,Do Well Cleaners,505 W Susquehanna Ave,19122,Verified,721201,Cleaners,81232002,Drycleaning And Laundry Services (Except Coin-Oper,1 to 4,Single Loc,42,
2017,Dollface Studio's,1639 N Hancock St # 408,19122,Verified,722101,Photographers-Portrait,54192110,"Photography Studios, Portrait",1 to 4,Single Loc,19,
2017,Dooley Team,1910 N Front St,19122,Verified,865101,Political Organizations,81394003,Political Organizations,1 to 4,Single Loc,17,
2017,Dos Santos & Construction,1706 N 2nd St,19122,Verified,152144,Construction Companies,23611512,New Single-Family Housing Construction (Except For,1 to 4,Single Loc,11,
2017,Double M Auto Sales,182 W Berks St,19122,Verified,551103,,,,1 to 4,Single Loc,15,
2017,Dr Muneerah Wakeel Funeral Svc,1403 N Franklin St,19122,Verified,726103,Funeral Directors,81221002,Funeral Homes And Funeral Services,1 to 4,Single Loc,11,
2017,Drexel Foods Inc,1705 N American St,19122,Verified,201104,Meat Products (Mfrs),31161103,Animal (Except Poultry) Slaughtering,20 to 49,Single Loc,30,
2017,Drueding Center Project,1401 N Lawrence St,19122,Verified,832218,Social Service & Welfare Organizations,62419012,Other Individual And Family Services,10 to 19,Single Loc,17,
2017,Drueding Center Project Rnbw,413 W Master St,19122,Verified,832218,Social Service & Welfare Organizations,62419012,Other Individual And Family Services,50 to 99,Branch,39,
2017,"Dubitzky, Emily Carla",1900 N 9th St # 104,19122,Verified,832221,Social Workers,62133003,Offices Of Mental Health Practitioners (Except Phy,1 to 4,Single Loc,10,
2017,E & J Grocers,642 Diamond St,19122,Verified,541105,Grocers-Retail,44511003,Supermarkets And Other Grocery Retailers (Except C,1 to 4,Single Loc,14,
2017,E G Emil's Inc,1344 N American St,19122,Verified,514402,Poultry Services (Whls),42444002,Poultry And Poultry Product Merchant Wholesalers,20 to 49,Single Loc,14,1987
2017,Early Literacy Acad Child Care,1601 N 4th St,19122,Verified,835101,Child Care Service,62441003,Child Care Services,5 to 9,Single Loc,11,
2017,East Coast Tropicals Inc,1615 N Hancock St,19122,Verified,514801,Fruits & Vegetables-Wholesale,42448009,Fresh Fruit And Vegetable Merchant Wholesalers,5 to 9,Single Loc,32,
2017,Eddie's Pizza,1835 N 12th St,19122,Verified,581222,Pizza,72251115,Full-Service Restaurants,1 to 4,Single Loc,29,
2017,Education Plus Inc,100 W Oxford St # E1100,19122,Verified,809906,Health Information & Referral Programs,62199918,All Other Miscellaneous Ambulatory Health Care Ser,5 to 9,Single Loc,12,
2017,Education Project,1701 N 6th St # 302,19122,Verified,829929,Educational Service-Business,61171003,Educational Support Services,10 to 19,Single Loc,11,
2017,Edward H Meyer & Son Realtors,1440 N 2nd St # 1,19122,Verified,653118,Real Estate,53121003,Offices Of Real Estate Agents And Brokers,1 to 4,Single Loc,42,
2017,Einstein Bros Bagels,1755 N 13th St,19122,Verified,546101,Bagels,72251502,Snack And Nonalcoholic Beverage Bars,10 to 19,Branch,12,
2017,El Greco Pizza & Luncheonette,1500 N 2nd St,19122,Verified,581222,Pizza,72251115,Full-Service Restaurants,1 to 4,Single Loc,42,
2017,Electric Garden,1714 N Mascher St,19122,Verified,173101,Electric Contractors,23821007,Electrical Contractors And Other Wiring Installati,1 to 4,Single Loc,9,
2017,Ellucian,1803 N Broad St,19122,Verified,573418,Computer Software Application Svc Prvdrs,44921083,Electronics And Appliance Retailers,5 to 9,Branch,15,
2017,Elsabor Restaurant,176 Diamond St,19122,Verified,581208,Restaurants,72251117,Full-Service Restaurants,1 to 4,Single Loc,38,
2017,Empire Multi Svc LLC,1841 N 2nd St,19122,Verified,874201,Business Management Consultants,54161401,"Process, Physical Distribution, And Logistics Cons",1 to 4,Single Loc,16,
2017,Ernie's Lunch Truck,1304 W Montgomery Ave,19122,Verified,799921,Concessionaires,71119005,Other Performing Arts Companies,1 to 4,Single Loc,24,2002
2017,Espinal Grocery,2001 N 8th St,19122,Verified,541103,Convenience Stores,44513101,Convenience Retailers,1 to 4,Single Loc,22,2004
2017,Fair Deal Heating & Cooling,1423 N Lawrence St,19122,Verified,171102,Heating Contractors,23822020,"Plumbing, Heating, And Air-Conditioning Contractor",5 to 9,Single Loc,10,
2017,Fame's Famous Pizza,1835 N 12th St # 99,19122,Verified,581222,Pizza,72251115,Full-Service Restaurants,1 to 4,Single Loc,29,
2017,Fast Cash,642 Diamond St,19122,Verified,614101,Loans,52229103,Consumer Lending,1 to 4,Single Loc,17,
2017,Father & Son Auto Glass Repair,2100 N 2nd St,19122,Verified,523110,Glass-Auto Plate & Window & Etc,44418031,Other Building Material Dealers,1 to 4,Single Loc,19,
2017,Feast Your Eyes Catering Inc,1750 N Front St,19122,Verified,581234,,,,5 to 9,Single Loc,12,1982
2017,Feast Your Eyes Inc,1750 N Front St,19122,Verified,581212,Caterers,72232001,Caterers,20 to 49,Single Loc,37,1980
2017,Financial Management Assn,1810 N 13th St,19122,Verified,861102,Associations,81391002,Business Associations,1 to 4,Single Loc,11,
2017,Finanta,1301 N 2nd St,19122,Verified,999966,Federal Government Contractors,99999005,Unclassified Establishments,5 to 9,Single Loc,15,
2017,Fiorilli Millwork,1619 N American St,19122,Verified,243102,Millwork (Mfrs),32191806,Other Millwork (Including Flooring),1 to 4,Single Loc,31,
2017,First Class Auto,1360 N American St,19122,Verified,551102,Automobile Dealers-New Cars,44111001,New Car Dealers,1 to 4,Single Loc,13,
2017,First N Fresh,1626 N American St,19122,Verified,581212,Caterers,72232001,Caterers,5 to 9,Single Loc,14,
2017,Fishtown Bikes-N-Beans,1321 N Front St,19122,Verified,571216,Furniture-Dealers-Retail,44911012,Furniture Retailers,1 to 4,Single Loc,11,
2017,Flixfling,1600 N 5th St,19122,Verified,599926,Pictures,45521936,All Other General Merchandise Retailers,10 to 19,Single Loc,13,2009
2017,Four Financial Consumer Disc,2101 Germantown Ave,19122,Verified,628203,Financial Advisory Services,52394006,Portfolio Management And Investment Advice,5 to 9,Single Loc,10,
2017,Fox School Of Bus Temple Univ,1801 Liacouras Walk # 701,19122,Verified,822101,Schools-Universities & Colleges Academic,61131009,"Colleges, Universities, And Professional Schools",10 to 19,Branch,12,2005
2017,Fresh Grocer Of Progress Plaza,1501 N Broad St # 5,19122,Verified,541101,Grocers-Delicatessen,44511001,Supermarkets And Other Grocery Retailers (Except C,1 to 4,Single Loc,16,
2017,Front Garage Doors & Doors,1330 N 5th St,19122,Verified,175107,Garage Doors-Repairing,23835007,Finish Carpentry Contractors,5 to 9,Single Loc,11,
2017,Front Street Cafe,1253 N Front St,19122,Verified,581208,Restaurants,72251117,Full-Service Restaurants,1 to 4,Single Loc,11,
2017,"Frye, Erin A Np",1810 Liacouras Walk # 4th,19122,Verified,804907,Nurses-Practitioners,62139923,Offices Of All Other Miscellaneous Health Practiti,1 to 4,Single Loc,11,
2017,Furniture Power,1610 N 5th St,19122,Verified,502107,Furniture-Dealers-Wholesale,42321030,Furniture Merchant Wholesalers,1 to 4,Single Loc,15,
2017,G T Wholesale,1606 N Front St,19122,Verified,599993,Baseball Sports Cards & Memorabilia,45521989,All Other General Merchandise Retailers,1 to 4,Single Loc,15,2012
2017,Gabrielle Sigal Yoga,1639 N Hancock St # 311,19122,Verified,729995,Yoga,81219105,Diet And Weight Reducing Centers,1 to 4,Single Loc,10,
2017,Gd Loft,1400 N American St,19122,Verified,733603,Graphic Designers,54143006,Graphic Design Services,1 to 4,Single Loc,17,2002
2017,General Upholstery Supplies,1722 N Hancock St,19122,Verified,571408,Upholstery Fabrics-Retail,45913022,"Sewing, Needlework, And Piece Goods Retailers",5 to 9,Single Loc,29,
2017,Germantown Pizza,1517 N 4th St,19122,Verified,581222,Pizza,72251115,Full-Service Restaurants,1 to 4,Single Loc,23,2003
2017,"Ghirardi, Daphne",1801 N Broad St,19122,Verified,804918,Physical Therapists,62134007,"Offices Of Physical, Occupational And Speech Thera",1 to 4,Single Loc,9,
2017,Ghoush Market,146 W Palmer St,19122,Verified,541105,Grocers-Retail,44511003,Supermarkets And Other Grocery Retailers (Except C,1 to 4,Single Loc,15,
2017,Gilbert Browning Studios,1730 N 5th St # 309,19122,Verified,722101,Photographers-Portrait,54192110,"Photography Studios, Portrait",1 to 4,Single Loc,21,
2017,Girard Medical Ctr,801 W Girard Ave,19122,Verified,804907,Nurses-Practitioners,62139923,Offices Of All Other Miscellaneous Health Practiti,1 to 4,Single Loc,16,
2017,Girard Medical Ctr,801 W Girard Ave,19122,Verified,806202,Hospitals,62211002,General Medical And Surgical Hospitals,500 to 999,Subsidiary,16,
2017,Globe Metal Mfg Co,2150 N 10th St,19122,Verified,508770,Luggage-Manufacturers Equip/Supls (Whls),42385050,Service Establishment Equipment And Supplies Merch,5 to 9,Single Loc,39,1922
2017,Globe Paper Co Inc,165 W Berks St,19122,Verified,511318,Boxes-Corrugated & Fiber (Whls),42413006,Industrial And Personal Service Paper Merchant Who,5 to 9,Single Loc,32,1935
2017,Golden Bowl,15 Market St,19122,Verified,581208,Restaurants,72251117,Full-Service Restaurants,1 to 4,Single Loc,14,
2017,Good Spoon,1400 N Front St,19122,Verified,581228,Coffee Shops,72251505,Snack And Nonalcoholic Beverage Bars,1 to 4,Single Loc,11,
2017,Grand Food Svc,246 W Berks St,19122,Verified,596305,,,,5 to 9,Single Loc,15,
2017,"Grant, Rochelle MD",801 W Girard Ave,19122,Verified,801101,Physicians & Surgeons,62111107,Offices Of Physicians (Except Mental Health Specia,1 to 4,Single Loc,11,
2017,Gray Manor Apartments,1600 N 8th St,19122,Verified,651303,Apartments,53111002,Lessors Of Residential Buildings And Dwellings,5 to 9,Single Loc,42,
2017,Greater Phila Food Bank Inc,302 W Berks St,19122,Verified,832240,Food Banks,62421001,Community Food Services,5 to 9,Single Loc,20,
2017,"Grondski, Pamela",1801 N Broad St,19122,Verified,804918,Physical Therapists,62134007,"Offices Of Physical, Occupational And Speech Thera",1 to 4,Single Loc,11,
2017,Gryphon Coffee Co,100 W Oxford St,19122,Verified,581228,Coffee Shops,72251505,Snack And Nonalcoholic Beverage Bars,1 to 4,Single Loc,12,
2017,H & S Learning Ctr,1532 N 11th St,19122,Verified,821103,Schools,61111007,Elementary And Secondary Schools,10 to 19,Single Loc,13,
2017,"Hanowitz, Michael",1415 N Broad St # 221c,19122,Verified,832221,Social Workers,62133003,Offices Of Mental Health Practitioners (Except Phy,1 to 4,Single Loc,11,
2017,Happ's Luncheonette,1652 N 2nd St,19122,Verified,581208,Restaurants,72251117,Full-Service Restaurants,1 to 4,Single Loc,29,
2017,Happy Golden House,1449 N Franklin St,19122,Verified,581208,Restaurants,72251117,Full-Service Restaurants,1 to 4,Single Loc,19,
2017,Harrison Plaza,1240 N 10th St,19122,Verified,824301,Computer Training,61142001,Computer Training,1 to 4,Single Loc,25,
2017,Health Connection,1900 N 9th St # 104,19122,Verified,804920,Physicians Assistants,62139932,Offices Of All Other Miscellaneous Health Practiti,1 to 4,Single Loc,11,
2017,Health Federation-Early Hs,100 W Oxford St # E201,19122,Verified,943102,State Government-Public Health Programs,92312004,Administration Of Public Health Programs,20 to 49,Single Loc,26,
2017,Helm,1303 N 5th St,19122,Verified,581208,Restaurants,72251117,Full-Service Restaurants,1 to 4,Single Loc,11,
2017,"Hernandez, W",1202 N 5th St,19122,Verified,729101,Tax Return Preparation & Filing,54121301,Tax Preparation Services,1 to 4,Single Loc,16,
2017,Hi-Quality Pest Control,1230 N 6th St # 3,19122,Verified,734201,Pest Control,56171009,Exterminating And Pest Control Services,1 to 4,Single Loc,11,
2017,Hollywood Ceilings,1918 N Hope St,19122,Verified,526131,Statuary,44424022,"Nursery, Garden Center, And Farm Supply Retailers",1 to 4,Single Loc,29,
2017,Honeygrow LLC,1601 N Broad St,19122,Verified,581208,Restaurants,72251117,Full-Service Restaurants,1 to 4,Branch,10,
2017,Honor Foods,1801 N 5th St,19122,Verified,509905,Importers (Whls),42399019,Other Miscellaneous Durable Goods Merchant Wholesa,50 to 99,Single Loc,42,1949
2017,Hope Street LLC,100 W Oxford St # E1600,19122,Verified,836105,Residential Care Homes,62331206,Assisted Living Facilities For The Elderly,5 to 9,Single Loc,12,
2017,"Horn, Nicholas",1801 N Broad St,19122,Verified,804918,Physical Therapists,62134007,"Offices Of Physical, Occupational And Speech Thera",1 to 4,Single Loc,9,
2017,Hubble Bubble Hookah Lounge,1000 Diamond St,19122,Verified,581255,,,,5 to 9,Single Loc,12,
2017,Hyperion Bank,1201 N 2nd St,19122,Verified,602101,Banks,52211002,Commercial Banking,5 to 9,Single Loc,20,2009
2017,I Care Home Health LLC,1706 N 2nd St,19122,Verified,808201,Home Health Service,62161001,Home Health Care Services,1 to 4,Single Loc,11,
2017,Ic Starters & Alternators,310 W Susquehanna Ave,19122,Verified,753801,Automobile Repairing & Service,81111104,General Automotive Repair,1 to 4,Single Loc,21,
2017,Icare Home Health,1529 N Philip St Ofc,19122,Verified,808201,Home Health Service,62161001,Home Health Care Services,10 to 19,Single Loc,11,
2017,Indigo,1400 N American St # 104,19122,Verified,599969,Art Galleries & Dealers,45992002,Art Dealers,1 to 4,Single Loc,14,2007
2017,Info1d24ksound.Com,1800 N Front St,19122,Verified,731917,Advertising-Computer,54189002,Other Services Related To Advertising,10 to 19,Single Loc,12,
2017,Infocus Gallery,2055 N Franklin St,19122,Verified,861102,Associations,81391002,Business Associations,1 to 4,Single Loc,15,
2017,Inliquid,1400 N American St,19122,Verified,839919,Charitable Institutions,81331104,Human Rights Organizations,5 to 9,Single Loc,19,2000
2017,"Innes, Michael J",2131 N Broad St,19122,Verified,804939,Pharmacists,62133002,Offices Of Mental Health Practitioners (Except Phy,1 to 4,Single Loc,11,
2017,Inside-Out Ctr,1810 Liacouras Walk,19122,Verified,822101,Schools-Universities & Colleges Academic,61131009,"Colleges, Universities, And Professional Schools",10 to 19,Single Loc,14,1997
2017,Institute On Disabilities,1755 N 13th St # 411,19122,Verified,862101,Professional Organizations,81392006,Professional Organizations,20 to 49,Single Loc,17,2005
2017,Interface Studio Architects,1400 N American St # 301,19122,Verified,871202,Architects,54131001,Architectural Services,5 to 9,Single Loc,17,
2017,Interfaith Center-Greater,100 W Oxford St # E1300,19122,Verified,829972,Education Centers,61171001,Educational Support Services,1 to 4,Single Loc,22,
2017,Interstate Outdoor Advertising,1400 N 2nd St,19122,Verified,731201,Advertising-Outdoor,54185001,Indoor And Outdoor Display Advertising,10 to 19,Single Loc,9,
2017,Invincible Pictures,1600 N 5th St,19122,Verified,783201,Theatres-Movie,51213101,Motion Picture Theaters (Except Drive-Ins),1 to 4,Single Loc,16,2006
2017,Iron Studio LTD,1333 N Mascher St,19122,Verified,899907,Sculptors,71151030,"Independent Artists, Writers, And Performers",10 to 19,Single Loc,23,
2017,J C Investment Co Inc,1200 Germantown Ave,19122,Verified,653118,Real Estate,53121003,Offices Of Real Estate Agents And Brokers,5 to 9,Single Loc,18,
2017,"Jackson, Ikishia N Rn",1539 N Philip St # 14,19122,Verified,808201,Home Health Service,62161001,Home Health Care Services,10 to 19,Single Loc,10,
2017,Jenna Stamm Photographer,1325 N 5th St # 104,19122,Verified,733501,Photographers-Commercial,54192204,Commercial Photography,1 to 4,Single Loc,11,
2017,Jesus Is Lord Intl University,1742 N 7th St,19122,Verified,822101,Schools-Universities & Colleges Academic,61131009,"Colleges, Universities, And Professional Schools",10 to 19,Single Loc,9,2016
2017,Jms Technology Group LLC,1715 N Franklin St,19122,Verified,737904,Computers-Networking,54151905,Other Computer Related Services,10 to 19,Single Loc,15,2010
2017,Joel's Auto Repair,191 W Berks St,19122,Verified,753801,Automobile Repairing & Service,81111104,General Automotive Repair,1 to 4,Single Loc,20,
2017,John Pomp Studios Inc,1630 N Mascher St,19122,Verified,175106,Woodworkers,23835013,Finish Carpentry Contractors,5 to 9,Single Loc,13,
2017,Joseph's Towing Svc,2109 N Marshall St,19122,Verified,754901,Wrecker Service,48841006,Motor Vehicle Towing,1 to 4,Single Loc,26,
2017,Journal Of Ecumenical Studies,1114 W Berks St # 511,19122,Verified,594201,Book Dealers-Retail,45921005,Book Retailers And News Dealers,1 to 4,Single Loc,15,1990
2017,Juxtaprints LLC,2131 N American St,19122,Verified,275902,Screen Printing (Mfrs),32311301,Commercial Screen Printing,1 to 4,Single Loc,15,2010
2017,Kampus Kicks,1755 N 13th St,19122,Verified,835101,Child Care Service,62441003,Child Care Services,5 to 9,Single Loc,11,
2017,Kaye Sigmund,1312 N Franklin St,19122,Verified,593202,Antiques-Dealers,45951001,Used Merchandise Retailers,1 to 4,Single Loc,25,
2017,Keller Williams Realty,1732 N Howard St # C,19122,Verified,653118,Real Estate,53121003,Offices Of Real Estate Agents And Brokers,50 to 99,Branch,11,
2017,Kensington Hospital,136 Diamond St,19122,Verified,806202,Hospitals,62211002,General Medical And Surgical Hospitals,100 to 249,Single Loc,30,
2017,Kensington Hospital Front,2100 N Front St,19122,Verified,839901,Drug Abuse & Addiction Info & Treatment,81331904,Other Social Advocacy Organizations,10 to 19,Single Loc,11,
2017,Kensington South Neighborhood,1301 N 2nd St,19122,Verified,861102,Associations,81391002,Business Associations,1 to 4,Single Loc,33,
2017,"Kesiilwe, Palesa N Agt",1701 N 6th St # 103,19122,Verified,641112,Insurance,52421001,Insurance Agencies And Brokerages,1 to 4,Single Loc,11,
2017,Keyme,2131-59 N Broad St,19122,Verified,769991,Key Duplicating Service Kiosks,56162206,Locksmiths,1 to 4,Branch,9,
2017,King Emergency Locksmith Rdsd,1503 N Broad St,19122,Verified,754904,Roadside Assistance,48841001,Motor Vehicle Towing,1 to 4,Single Loc,12,
2017,Kitchen Sink Fabrication,1714 N Mascher St # 1,19122,Verified,792212,Theatrical Equipment & Supplies,53249013,Other Commercial And Industrial Machinery And Equi,1 to 4,Single Loc,26,2000
2017,Kitsch-N-Kaboodle,1513 N Hancock St,19122,Verified,571216,Furniture-Dealers-Retail,44911012,Furniture Retailers,1 to 4,Single Loc,13,
2017,Knowels Garage Doors Repaired,1301 N 6th St,19122,Verified,175107,Garage Doors-Repairing,23835007,Finish Carpentry Contractors,1 to 4,Single Loc,11,
2017,Koo Zee Doo,1307 N 4th St,19122,Verified,581208,Restaurants,72251117,Full-Service Restaurants,10 to 19,Single Loc,17,
2017,Kristina Pizza,1901 N Mascher St,19122,Verified,581222,Pizza,72251115,Full-Service Restaurants,1 to 4,Single Loc,31,
2017,"Kucharski, Katheryn",136 Diamond St,19122,Verified,832221,Social Workers,62133003,Offices Of Mental Health Practitioners (Except Phy,1 to 4,Single Loc,10,
2017,Kurths Sea Food,901 W Susquehanna Ave,19122,Verified,581208,Restaurants,72251117,Full-Service Restaurants,1 to 4,Single Loc,22,
2017,L & M Auto Repair,1404 N 7th St,19122,Verified,541105,Grocers-Retail,44511003,Supermarkets And Other Grocery Retailers (Except C,1 to 4,Single Loc,24,
2017,L Cruz Development LLC,127 W Susquehanna Ave,19122,Verified,999966,Federal Government Contractors,99999005,Unclassified Establishments,5 to 9,Single Loc,13,
2017,L J Auto Body,1907 N 2nd St,19122,Verified,753201,Automobile Body-Repairing & Painting,81112102,"Automotive Body, Paint, And Interior Repair And Ma",1 to 4,Single Loc,18,
2017,L T Laundromat,184 Diamond St,19122,Verified,721101,Laundries,81232001,Drycleaning And Laundry Services (Except Coin-Oper,1 to 4,Single Loc,19,
2017,LA Joya Grocery Store,1500 N 4th St,19122,Verified,541105,Grocers-Retail,44511003,Supermarkets And Other Grocery Retailers (Except C,1 to 4,Single Loc,29,
2017,LA Me Naj Hair Care Specialist,1618 N Randolph St,19122,Verified,723106,Beauty Salons,81211202,Beauty Salons,1 to 4,Single Loc,19,
2017,LA Preciosa,2111 Germantown Ave,19122,Verified,581208,Restaurants,72251117,Full-Service Restaurants,1 to 4,Single Loc,14,
2017,Lagan Properties LLC,1319 N Franklin St,19122,Verified,653118,Real Estate,53121003,Offices Of Real Estate Agents And Brokers,5 to 9,Single Loc,13,
2017,Lam Kee Enterprises,1413 Germantown Ave,19122,Verified,422509,Warehouses,49311006,General Warehousing And Storage,10 to 19,Single Loc,20,
2017,Lamp Factory,1700 N 5th St,19122,Verified,571927,Lamps & Lamp Shades-Retail,44912942,All Other Home Furnishings Retailers,1 to 4,Single Loc,13,
2017,Language Of Wine,2020 N 13th St # Ah120,19122,Verified,592103,Wines-Retail,44532005,"Beer, Wine, And Liquor Retailers",5 to 9,Single Loc,11,
2017,Lantigua Grocery,1701 N 3rd St,19122,Verified,541105,Grocers-Retail,44511003,Supermarkets And Other Grocery Retailers (Except C,1 to 4,Single Loc,15,
2017,Lee's Limousines,,19122,Verified,411903,Limousine Service,48532002,Limousine Service,5 to 9,Single Loc,12,
2017,Libertad Lounge,1601 N 5th St,19122,Verified,581301,Bars,72241001,Drinking Places (Alcoholic Beverages),1 to 4,Single Loc,21,
2017,Liberty Choice,1939 N Front St,19122,Verified,581208,Restaurants,72251117,Full-Service Restaurants,1 to 4,Single Loc,14,2012
2017,Liquid Room Restaurant & Bar,1361 N 2nd St,19122,Verified,581208,Restaurants,72251117,Full-Service Restaurants,1 to 4,Single Loc,13,
2017,"Liu, Yi",1537 N 7th St,19122,Verified,804918,Physical Therapists,62134007,"Offices Of Physical, Occupational And Speech Thera",1 to 4,Single Loc,10,
2017,Liz Kinder Ceramics,111 W Norris St,19122,Verified,835101,Child Care Service,62441003,Child Care Services,5 to 9,Single Loc,14,
2017,M F 426 Full Svc Inspection,1919 N 2nd St,19122,Verified,554101,Service Stations-Gasoline & Oil,45712003,Other Gasoline Stations,1 to 4,Single Loc,15,
2017,Maas,1325 N Randolph St,19122,Verified,792207,Theatres-Live,71111007,Theater Companies And Dinner Theaters,1 to 4,Single Loc,14,
2017,Maria Mack Photography,1639 N Hancock St,19122,Verified,738944,Events-Special,71131004,"Promoters Of Performing Arts, Sports, And Similar",5 to 9,Single Loc,14,
2017,Marquerite Rodgers LTD,2131 N American St,19122,Verified,738902,Interior Decorators Design & Consultants,54141003,Interior Design Services,10 to 19,Single Loc,42,1980
2017,"Martin, Laura M MD",1810 Liacouras Walk # 4,19122,Verified,801101,Physicians & Surgeons,62111107,Offices Of Physicians (Except Mental Health Specia,1 to 4,Single Loc,9,
2017,Masia & Samuel Trucking Co,2016 N Hancock St,19122,Verified,421304,Trucking,48423013,"Specialized Freight (Except Used Goods) Trucking,",1 to 4,Single Loc,20,
2017,Materials Conservation Cllbrtv,1625 N Howard St,19122,Verified,839937,Environmental Conservation/Ecologcl Org,81331210,"Environment, Conservation And Wildlife Organizatio",5 to 9,Single Loc,13,
2017,Materials Conservation Co,1625 N Howard St,19122,Verified,951203,County Government-Land/Mineral/Wildlife/Fores,92412002,Administration Of Conservation Programs,20 to 49,Single Loc,18,
2017,Matt Godfrey Photography,1639 N Hancock St,19122,Verified,722101,Photographers-Portrait,54192110,"Photography Studios, Portrait",1 to 4,Single Loc,12,
2017,Maxis Pizza & Sub LLC,1926 Liacouras Walk,19122,Verified,581222,Pizza,72251115,Full-Service Restaurants,5 to 9,Single Loc,15,
2017,Mc Donald's,1201 N Broad St,19122,Verified,581208,Restaurants,72251117,Full-Service Restaurants,50 to 99,Branch,25,
2017,Mc Donald's,2109 N Broad St,19122,Verified,581208,Restaurants,72251117,Full-Service Restaurants,50 to 99,Branch,40,
2017,"Mcgill, Jessica V",1900 N 9th St # 104,19122,Verified,804907,Nurses-Practitioners,62139923,Offices Of All Other Miscellaneous Health Practiti,1 to 4,Single Loc,10,
2017,MD Co Pharmacy,1641 N Franklin St,19122,Verified,591205,Pharmacies,45611009,Pharmacies And Drug Retailers,10 to 19,Single Loc,42,
2017,Mecca Unisex Salon,1501 N Broad St # 10,19122,Verified,723106,Beauty Salons,81211202,Beauty Salons,1 to 4,Single Loc,12,
2017,Memphis Plastic Pipe Inc,1508 N 5th St,19122,Verified,505107,Pipe-Wholesale,42351029,Metal Service Centers And Other Metal Merchant Who,5 to 9,Single Loc,20,
2017,Mendez Homes & Investments,1530 N 2nd St,19122,Verified,653118,Real Estate,53121003,Offices Of Real Estate Agents And Brokers,5 to 9,Single Loc,15,
2017,Mexican Post Express,1932 Liacouras Walk,19122,Verified,581208,Restaurants,72251117,Full-Service Restaurants,1 to 4,Single Loc,13,
2017,Midtown Parish United Mthdst,718 W Norris St,19122,Verified,866107,Churches,81311008,Religious Organizations,1 to 4,Single Loc,29,
2017,Mike's Automotive,1837 N 2nd St,19122,Verified,753201,Automobile Body-Repairing & Painting,81112102,"Automotive Body, Paint, And Interior Repair And Ma",1 to 4,Single Loc,33,
2017,"Mills, Steven L MD",801 W Girard Ave # 1,19122,Verified,801101,Physicians & Surgeons,62111107,Offices Of Physicians (Except Mental Health Specia,1 to 4,Single Loc,13,
2017,Mimada Beauty Bazaar,1834 N Mutter St,19122,Verified,723106,Beauty Salons,81211202,Beauty Salons,1 to 4,Single Loc,15,
2017,Ming River Chinese Restaurant,108 W Susquehanna Ave,19122,Verified,581208,Restaurants,72251117,Full-Service Restaurants,1 to 4,Single Loc,19,
2017,Mister Pan,151 W Norris St,19122,Verified,581208,Restaurants,72251117,Full-Service Restaurants,1 to 4,Single Loc,37,
2017,"Mobo Jr, Ben H MD",1810 Liacouras Walk,19122,Verified,801101,Physicians & Surgeons,62111107,Offices Of Physicians (Except Mental Health Specia,1 to 4,Single Loc,11,
2017,"Moore, Katherine",1312 N Front St # 3b,19122,Verified,804917,Dietitians,62139904,Offices Of All Other Miscellaneous Health Practiti,1 to 4,Single Loc,11,
2017,Morris Iron & Steel-Berks,271 W Berks St,19122,Verified,509313,Scrap Metals & Iron (Whls),42393019,Recyclable Material Merchant Wholesalers,10 to 19,Single Loc,14,
2017,"Morton, Wanda Marie",136 Diamond St,19122,Verified,832221,Social Workers,62133003,Offices Of Mental Health Practitioners (Except Phy,1 to 4,Single Loc,10,
2017,Mt Sinai Holy Church-America,1469 N Broad St,19122,Verified,866106,Clergy,81311009,Religious Organizations,5 to 9,Single Loc,42,
2017,Mt Zion United Methodist Chr,1530 N 11th St # 38,19122,Verified,866107,Churches,81311008,Religious Organizations,10 to 19,Single Loc,24,
2017,My School,1854 Germantown Ave,19122,Verified,821103,Schools,61111007,Elementary And Secondary Schools,10 to 19,Single Loc,14,
2017,Myers Constructs Inc,1400 N American St # 208,19122,Verified,152103,General Contractors,23611505,New Single-Family Housing Construction (Except For,5 to 9,Single Loc,29,
2017,National Black Leadership Int,1415 N Broad St # 221b,19122,Verified,832218,Social Service & Welfare Organizations,62419012,Other Individual And Family Services,10 to 19,Single Loc,18,
2017,Ncs Supply Inc,1603 N American St,19122,Verified,154213,Building Contractors,23622005,Commercial And Institutional Building Construction,1 to 4,Single Loc,17,
2017,Neighborhood Meat Market,1915 N 6th St,19122,Verified,514706,Pork Dealers-Wholesale,42447006,Meat And Meat Product Merchant Wholesalers,10 to 19,Single Loc,23,
2017,Net Youth Svc Firehouse,2005 N 2nd St,19122,Verified,832222,Youth Organizations & Centers,62411006,Child And Youth Services,20 to 49,Single Loc,20,
2017,New Paradise Laboratories,1325 N Randolph St,19122,Verified,792233,Performing Arts,71111010,Theater Companies And Dinner Theaters,1 to 4,Single Loc,13,1996
2017,New Stars LLC,1603 N 5th St,19122,Verified,735910,Rental Service-Stores & Yards,53231003,General Rental Centers,5 to 9,Single Loc,14,
2017,Newmancenterat Temple Univ,2129 N Broad St,19122,Verified,822101,Schools-Universities & Colleges Academic,61131009,"Colleges, Universities, And Professional Schools",10 to 19,Single Loc,11,
2017,"Nguyen, Kellie Jo Pa",1352 N Mascher St,19122,Verified,804920,Physicians Assistants,62139932,Offices Of All Other Miscellaneous Health Practiti,1 to 4,Single Loc,10,
2017,Nicholson Lab,1900 N 12th St,19122,Verified,873104,Laboratories,54171414,Research And Development In Biotechnology (Except,20 to 49,Single Loc,10,
2017,Nml Group,2024 N 2nd St,19122,Verified,531104,Retail Shops,45511003,Department Stores,5 to 9,Single Loc,17,
2017,Norris Square Childrens Ctr,2011 N Mascher St,19122,Verified,835101,Child Care Service,62441003,Child Care Services,50 to 99,Single Loc,25,2001
2017,Norris Square Civic Assn,2101 N Orkney St,19122,Verified,835101,Child Care Service,62441003,Child Care Services,10 to 19,Single Loc,15,1983
2017,Norris Square Cmnty Alliance,174 Diamond St,19122,Verified,861102,Associations,81391002,Business Associations,10 to 19,Single Loc,40,1936
2017,Norris Square Neighborhood,2141 N Howard St,19122,Verified,832218,Social Service & Welfare Organizations,62419012,Other Individual And Family Services,10 to 19,Single Loc,17,
2017,Norris Square Notary & Svc,139 W Susquehanna Ave,19122,Verified,738979,Notaries-Public,54112001,Offices Of Notaries,1 to 4,Single Loc,26,
2017,Norris Square Senior Housing,2121 N Howard St,19122,Verified,651303,Apartments,53111002,Lessors Of Residential Buildings And Dwellings,1 to 4,Single Loc,25,
2017,North Philadelphia Fncl,1501 N Broad St # 21,19122,Verified,869903,Organizations,81341018,Civic And Social Organizations,1 to 4,Single Loc,20,
2017,North Philadelphia Health Syst,801 W Girard Ave,19122,Verified,832251,Substance Abuse Centers,62419031,Other Individual And Family Services,500 to 999,Single Loc,9,1848
2017,North Philadelphia Health Syst,801 W Girard Ave,19122,Verified,806202,Hospitals,62211002,General Medical And Surgical Hospitals,,Headquarter,10,
2017,North Philadelphia Health Syst,801 W Girard Ave,19122,Verified,801101,Physicians & Surgeons,62111107,Offices Of Physicians (Except Mental Health Specia,1 to 4,Single Loc,12,
2017,North Philadelphia Health Syst,801 W Girard Ave,19122,Verified,801101,Physicians & Surgeons,62111107,Offices Of Physicians (Except Mental Health Specia,1 to 4,Single Loc,13,
2017,Northeast Treatment Ctr,2005 N 2nd St,19122,Verified,839901,Drug Abuse & Addiction Info & Treatment,81331904,Other Social Advocacy Organizations,20 to 49,Single Loc,42,1987
2017,Northern Liberties Auto Repair,1555 N 5th St,19122,Verified,753301,Mufflers & Exhaust Systems-Engine,81111402,Specialized Automotive Repair,1 to 4,Single Loc,18,
2017,Northern Liberty Press LLC,1223 N Mascher St,19122,Verified,275202,Printers (Mfrs),32311109,Commercial Printing (Except Screen And Books),1 to 4,Single Loc,23,2003
2017,Northern Light Group LLC,111 W Norris St,19122,Verified,229701,Nonwoven Fabrics (Mfrs),31323002,Nonwoven Fabric Mills,10 to 19,Single Loc,18,
2017,Northern Light Group LLC,2011 N Howard St # 2021,19122,Verified,999966,Federal Government Contractors,99999005,Unclassified Establishments,5 to 9,Single Loc,13,1978
2017,"Obua, Okechukwu E MD",801 W Girard Ave # 1,19122,Verified,801101,Physicians & Surgeons,62111107,Offices Of Physicians (Except Mental Health Specia,1 to 4,Single Loc,11,
2017,Office-Housing & Residential,1910 Liacouras Walk,19122,Verified,653120,Real Estate Buyers & Brokers,53131103,Residential Property Managers,20 to 49,Single Loc,17,
2017,"Ogonowski, Michael",1801 N Broad St,19122,Verified,804918,Physical Therapists,62134007,"Offices Of Physical, Occupational And Speech Thera",1 to 4,Single Loc,9,
2017,Oic Of America Inc,1415 N Broad St # 227,19122,Verified,832218,Social Service & Welfare Organizations,62419012,Other Individual And Family Services,20 to 49,Single Loc,31,1964
2017,Old City Movers,1324 N 4th St,19122,Verified,421401,Movers,48411009,"General Freight Trucking, Local",5 to 9,Single Loc,17,2006
2017,Old City Movers Inc,1425 N 2nd St,19122,Verified,421401,Movers,48411009,"General Freight Trucking, Local",5 to 9,Single Loc,13,2006
2017,Olde Kensington Pavilion,1250 N 3rd St Ofc,19122,Verified,651303,Apartments,53111002,Lessors Of Residential Buildings And Dwellings,5 to 9,Single Loc,39,
2017,Onion Flats LLC,111 W Norris St,19122,Verified,655202,Real Estate Developers,23721005,Land Subdivision,5 to 9,Single Loc,17,
2017,Orens Brothers Inc,1000 Diamond St,19122,Verified,653118,Real Estate,53121003,Offices Of Real Estate Agents And Brokers,5 to 9,Single Loc,14,
2017,Orient Express,1835 N 12th St # 7,19122,Verified,581208,Restaurants,72251117,Full-Service Restaurants,1 to 4,Single Loc,30,1996
2017,Ortega Grocers Inc,312 W Norris St,19122,Verified,541105,Grocers-Retail,44511003,Supermarkets And Other Grocery Retailers (Except C,1 to 4,Single Loc,10,
2017,"Oviedo, Nimidia MD",136 Diamond St,19122,Verified,801101,Physicians & Surgeons,62111107,Offices Of Physicians (Except Mental Health Specia,1 to 4,Single Loc,11,
2017,Oxford Mills LLC,100 W Oxford St # E1000,19122,Verified,554110,Alternative Fuels,45712006,Other Gasoline Stations,5 to 9,Single Loc,9,
2017,Pallets Plus Inc,408 Cecil B Moore Ave,19122,Verified,244801,Pallets & Skids-Manufacturers,32192008,Wood Container And Pallet Manufacturing,10 to 19,Single Loc,42,1953
2017,Pamm Resources,2152 N Front St,19122,Verified,806301,Mental Health Services,62221001,Psychiatric And Substance Abuse Hospitals,10 to 19,Single Loc,27,1999
2017,Paul Rabinowitz Glass Co,1401 N American St # 15,19122,Verified,179302,Glaziers,23815003,Glass And Glazing Contractors,20 to 49,Single Loc,30,1931
2017,Payless Shoe Source,1501 N Broad St # 2,19122,Verified,566101,Shoes-Retail,45821007,Shoe Retailers,1 to 4,Branch,38,
2017,Pennsylvania Innocence Project,1719 N Broad St,19122,Verified,839998,Non-Profit Organizations,81331908,Other Social Advocacy Organizations,1 to 4,Single Loc,15,2009
2017,Penrose Playground,1101 W Susquehanna Ave,19122,Verified,912104,Government Offices-City/Village & Twp,92112006,Legislative Bodies,1 to 4,Single Loc,33,
2017,Perfect Touch Auto Repair-Sls,2101 N 2nd St,19122,Verified,753801,Automobile Repairing & Service,81111104,General Automotive Repair,1 to 4,Single Loc,12,
2017,Pharmacy Of America LLC,1900 N 9th St # 101,19122,Verified,591205,Pharmacies,45611009,Pharmacies And Drug Retailers,5 to 9,Single Loc,12,
2017,Philadelphia Area Office,1231 N Broad St,19122,Verified,912104,Government Offices-City/Village & Twp,92112006,Legislative Bodies,5 to 9,Single Loc,21,1964
2017,Philadelphia Charters,100 W Oxford St,19122,Verified,472501,Tours-Operators & Promoters,56152007,Tour Operators,1 to 4,Single Loc,10,
2017,Philadelphia Community Svc Ofc,1231 N Broad St # 5,19122,Verified,912104,Government Offices-City/Village & Twp,92112006,Legislative Bodies,20 to 49,Single Loc,24,1977
2017,Philadelphia Gas Works,800 W Montgomery Ave,19122,Verified,492501,Gas Companies,22121002,Natural Gas Distribution,1000 to 4999,Single Loc,19,1836
2017,Philadelphia Housing Authority,1200 N 10th St,19122,Verified,912104,Government Offices-City/Village & Twp,92112006,Legislative Bodies,1 to 4,Single Loc,25,
2017,Philadelphia Housing Authority,1939 N 11th St,19122,Verified,912104,Government Offices-City/Village & Twp,92112006,Legislative Bodies,20 to 49,Single Loc,25,
2017,Philadelphia Housing Authority,1915 N 11th St,19122,Verified,912104,Government Offices-City/Village & Twp,92112006,Legislative Bodies,5 to 9,Single Loc,25,1937
2017,Philadelphia Housing Authority,1415 N 7th St,19122,Verified,912104,Government Offices-City/Village & Twp,92112006,Legislative Bodies,5 to 9,Single Loc,16,1977
2017,Philadelphia Hune Inc,202 Cecil B Moore Ave,19122,Verified,839905,Disability Services,81331103,Human Rights Organizations,10 to 19,Single Loc,18,
2017,Philadelphia Management Corp,1801 N 10th St,19122,Verified,653118,Real Estate,53121003,Offices Of Real Estate Agents And Brokers,1 to 4,Single Loc,12,
2017,Philadelphia Photo Arts Ctr,1400 N American St # 103,19122,Verified,738401,Photo Finishing-Retail,81292201,One-Hour Photofinishing,1 to 4,Single Loc,16,2009
2017,Philadelphia Welfare Rghts Org,1231 N Franklin St,19122,Verified,839998,Non-Profit Organizations,81331908,Other Social Advocacy Organizations,10 to 19,Single Loc,37,
2017,Philadelphia Youth For Change,1231 N Broad St # 3,19122,Verified,832222,Youth Organizations & Centers,62411006,Child And Youth Services,5 to 9,Single Loc,13,1992
2017,Philly Home Brew Outlet,1447 N American St,19122,Verified,208201,Brewers (Mfrs),31212002,Breweries,10 to 19,Single Loc,12,
2017,Philly Pretzel Factory,1910 Liacouras Walk,19122,Verified,546108,Pretzels-Retail,72251514,Snack And Nonalcoholic Beverage Bars,5 to 9,Branch,11,
2017,Philly Roofer Inc,2117 N American St,19122,Verified,176109,Roofing Contractors,23816014,Roofing Contractors,20 to 49,Single Loc,14,
2017,Philly Steak & Sub,2001 N 13th St,19122,Verified,581208,Restaurants,72251117,Full-Service Restaurants,1 to 4,Single Loc,14,
2017,Phmc Health Connection,1900 N 9th St # 104,19122,Verified,804907,Nurses-Practitioners,62139923,Offices Of All Other Miscellaneous Health Practiti,1 to 4,Single Loc,17,
2017,Phmc Health Connection,1900 N 9th St # 104,19122,Verified,804907,Nurses-Practitioners,62139923,Offices Of All Other Miscellaneous Health Practiti,1 to 4,Single Loc,17,
2017,Phmc Health Connection,1900 N 9th St # 104,19122,Verified,804907,Nurses-Practitioners,62139923,Offices Of All Other Miscellaneous Health Practiti,1 to 4,Single Loc,17,
2017,Phmc Health Connection,1900 N 9th St # 104,19122,Verified,804907,Nurses-Practitioners,62139923,Offices Of All Other Miscellaneous Health Practiti,1 to 4,Single Loc,17,
2017,Phmc Health Connection,1900 N 9th St # 104,19122,Verified,804907,Nurses-Practitioners,62139923,Offices Of All Other Miscellaneous Health Practiti,1 to 4,Single Loc,17,
2017,Phmc Health Connection,1900 N 9th St # 104,19122,Verified,801104,Clinics,62111129,Offices Of Physicians (Except Mental Health Specia,10 to 19,Single Loc,20,1974
2017,Phmc Health Connection,1900 N 9th St # 104,19122,Verified,804907,Nurses-Practitioners,62139923,Offices Of All Other Miscellaneous Health Practiti,1 to 4,Single Loc,17,
2017,Photo Process Screen Mfg Co,179 W Berks St,19122,Verified,399903,Manufacturers,33999936,All Other Miscellaneous Manufacturing,5 to 9,Single Loc,42,1945
2017,Pig Iron Theatre Co,1417 N 2nd St # 2,19122,Verified,792207,Theatres-Live,71111007,Theater Companies And Dinner Theaters,5 to 9,Single Loc,21,1995
2017,Pio Construction Co,1735 N 2nd St # 43,19122,Verified,179403,Excavating Contractors,23891006,Site Preparation Contractors,1 to 4,Single Loc,42,
2017,Pnc Bank,1101 W Montgomery Ave,19122,Verified,602101,Banks,52211002,Commercial Banking,5 to 9,Branch,13,
2017,Postgreen Homes,1732 N Howard St,19122,Verified,152112,Home Builders,23611506,New Single-Family Housing Construction (Except For,1 to 4,Single Loc,13,
2017,Postgreen Homes,1709 N Howard St,19122,Verified,653118,Real Estate,53121003,Offices Of Real Estate Agents And Brokers,1 to 4,Single Loc,14,2008
2017,Potbelly Sandwich Shop,1100 W Montgomery Ave # B,19122,Verified,581219,,,,20 to 49,Branch,12,
2017,Power,1419 N 11th St,19122,Verified,832218,Social Service & Welfare Organizations,62419012,Other Individual And Family Services,10 to 19,Single Loc,14,
2017,Print Fresh LLC,1639 N Hancock St # 101,19122,Verified,874814,Textile Consultants,54169026,Other Scientific And Technical Consulting Services,20 to 49,Single Loc,19,2006
2017,Progress Human Svc Ctr,1415 N Broad St,19122,Verified,839908,Human Services Organizations,81331101,Human Rights Organizations,250 to 499,Single Loc,28,
2017,Progress Investment Assoc,1501 N Broad St # 2b,19122,Verified,621111,Investments,52391001,Miscellaneous Intermediation,1 to 4,Single Loc,21,1968
2017,Progress Plaza Shopping Ctr,1501 N Broad St # 200,19122,Verified,651201,Shopping Centers & Malls,53112008,Lessors Of Nonresidential Buildings (Except Miniwa,1 to 4,Single Loc,42,1968
2017,Project Basho,1305 Germantown Ave,19122,Verified,722111,Photographers-Studio Rental,54192112,"Photography Studios, Portrait",1 to 4,Single Loc,18,1989
2017,Project Home,214 Cecil B Moore Ave,19122,Verified,832218,Social Service & Welfare Organizations,62419012,Other Individual And Family Services,10 to 19,Single Loc,11,
2017,Protech Internet Group,1223 N Palethorp St,19122,Verified,737311,Website Design Service,54151217,Computer Systems Design Services,1 to 4,Single Loc,12,2011
2017,Public Health Management Corp,1900 N 9th St,19122,Verified,809907,Health Services,62199921,All Other Miscellaneous Ambulatory Health Care Ser,10 to 19,Single Loc,13,
2017,"Quaglia, Marian H",801 W Girard Ave,19122,Verified,804920,Physicians Assistants,62139932,Offices Of All Other Miscellaneous Health Practiti,1 to 4,Single Loc,11,
2017,Quaker Jobbing Co,1722 N Hancock St,19122,Verified,519902,Rubber-Foam & Sponge (Whls),42499084,Other Miscellaneous Nondurable Goods Merchant Whol,1 to 4,Single Loc,21,
2017,Quality One Auto Body,1703 N 2nd St,19122,Verified,753201,Automobile Body-Repairing & Painting,81112102,"Automotive Body, Paint, And Interior Repair And Ma",1 to 4,Single Loc,15,
2017,Que Chula Es Puebla Inc,1356 N 2nd St,19122,Verified,581208,Restaurants,72251117,Full-Service Restaurants,5 to 9,Single Loc,17,2009
2017,R B Three Thompson LLC,700 W Thompson St,19122,Verified,152103,General Contractors,23611505,New Single-Family Housing Construction (Except For,5 to 9,Single Loc,12,
2017,R P M Builders,1501 N 2nd St,19122,Verified,152103,General Contractors,23611505,New Single-Family Housing Construction (Except For,5 to 9,Single Loc,12,
2017,R W Brown Community Ctr,1701 N 8th St,19122,Verified,832218,Social Service & Welfare Organizations,62419012,Other Individual And Family Services,50 to 99,Single Loc,26,
2017,Ranieri C Welding,1315 N Howard St,19122,Verified,359903,Machine Shops (Mfrs),33271002,Machine Shops,5 to 9,Single Loc,14,
2017,Rational Web Sites,1325 N Randolph St # B,19122,Verified,737416,Internet Home Page Dev Consulting,51821012,"Computing Infrastructure Providers, Data Processin",5 to 9,Single Loc,11,1996
2017,"Rawlings, Jessica",1801 N Broad St,19122,Verified,804918,Physical Therapists,62134007,"Offices Of Physical, Occupational And Speech Thera",1 to 4,Single Loc,11,
2017,Re/Max,1537 N Cadwallader St,19122,Verified,679498,Patent Owners & Lessors,53311004,Lessors Of Nonfinancial Intangible Assets (Except,1 to 4,Single Loc,11,
2017,Reading Phillies Baseball,1921 N Front St,19122,Verified,869905,Athletic Organizations,81399005,"Other Similar Organizations (Except Business, Prof",1 to 4,Single Loc,23,
2017,Reads Inc,1419 N 11th St,19122,Verified,874825,Educational Consultants,61171012,Educational Support Services,1 to 4,Single Loc,36,
2017,Reanimator,310 W Master St,19122,Verified,514908,Coffee Roasting (Whls),42449017,Other Grocery And Related Products Merchant Wholes,5 to 9,Single Loc,12,
2017,Reliable Transit,2049 N Philip St,19122,Verified,411912,Medical Transportation,48599904,All Other Transit And Ground Passenger Transportat,1 to 4,Single Loc,14,
2017,Renaissance Cdc,1438 N Warnock St,19122,Verified,651303,Apartments,53111002,Lessors Of Residential Buildings And Dwellings,5 to 9,Single Loc,18,
2017,Resolution Rentals,1600 N 5th St # 101,19122,Verified,594601,Photographic Equip & Supplies-Retail,44921089,Electronics And Appliance Retailers,5 to 9,Single Loc,10,
2017,Resource Exchange,1701 N 2nd St,19122,Verified,832206,Senior Citizens Service,62412003,Services For The Elderly And Persons With Disabili,5 to 9,Single Loc,15,
2017,Resto Building Svc,1233 N Front St,19122,Verified,721704,Carpet & Rug Cleaners,56174001,Carpet And Upholstery Cleaning Services,5 to 9,Single Loc,17,
2017,Richie's Deli & Pizza,1835 N 12th St # 99,19122,Verified,581208,Restaurants,72251117,Full-Service Restaurants,1 to 4,Single Loc,29,
2017,Richie's Lunch Box,2001 N 13th St,19122,Verified,581208,Restaurants,72251117,Full-Service Restaurants,1 to 4,Single Loc,13,
2017,Rite Aid,2131 N Broad St # 59,19122,Verified,591205,Pharmacies,45611009,Pharmacies And Drug Retailers,10 to 19,Branch,26,
2017,Rite Aid Gnc Live Well Store,2131 N Broad St # 59,19122,Verified,549904,Vitamin & Food Supplements,45619106,Food (Health) Supplement Retailers,10 to 19,Branch,14,
2017,Rnd Tax Svc,1706 N 2nd St,19122,Verified,729101,Tax Return Preparation & Filing,54121301,Tax Preparation Services,1 to 4,Single Loc,9,
2017,Robert Aiosa,1536 N American St,19122,Verified,571217,Furniture-Designers & Custom Builders,33712205,Nonupholstered Wood Household Furniture Manufactur,1 to 4,Single Loc,16,
2017,"Robinson, Gary",1801 N Broad St,19122,Verified,804918,Physical Therapists,62134007,"Offices Of Physical, Occupational And Speech Thera",1 to 4,Single Loc,9,
2017,Rocky Begins Training At,2147 N Front St,19122,Verified,874802,Training Consultants,54161212,Human Resources Consulting Services,1 to 4,Single Loc,10,
2017,Rocky's Auto Repair LLC,1768 N Front St,19122,Verified,753801,Automobile Repairing & Service,81111104,General Automotive Repair,1 to 4,Single Loc,14,
2017,Rodriguez Consulting LLC,1301 N 2nd St,19122,Verified,871110,Engineers-Civil,54133014,Engineering Services,20 to 49,Single Loc,14,2007
2017,"Rog, Whitney",801 W Girard Ave,19122,Verified,804922,Psychologists,62139936,Offices Of All Other Miscellaneous Health Practiti,1 to 4,Single Loc,10,
2017,Rolling Gate Repair Phldlph,1501 N Broad St,19122,Verified,154206,Gate & Fence Repair,23622019,Commercial And Institutional Building Construction,1 to 4,Single Loc,11,
2017,"Romero Paulino, Marcos",2152 N Front St,19122,Verified,832282,Counselors,62419036,Other Individual And Family Services,1 to 4,Single Loc,11,
2017,Rona Fisher Jewelry Design,1400 N American St # 201,19122,Verified,594408,Jewelry Designers,45831012,Jewelry Retailers,1 to 4,Single Loc,34,
2017,Rossi Brothers,1805 N Howard St,19122,Verified,243401,Cabinets-Manufacturers,33711003,Wood Kitchen Cabinet And Countertop Manufacturing,5 to 9,Single Loc,39,1929
2017,S & S Express Insurance,1206 N 5th St,19122,Verified,641112,Insurance,52421001,Insurance Agencies And Brokerages,1 to 4,Single Loc,15,
2017,Sacko Services,1300 W Jefferson St,19122,Verified,899999,Services NEC,54199009,"All Other Professional, Scientific, And Technical",1 to 4,Single Loc,13,
2017,Safeguard Self Storage,1221 N Broad St,19122,Verified,422503,Storage-Household & Commercial,53113001,Lessors Of Miniwarehouses And Self-Storage Units,1 to 4,Branch,22,1989
2017,"Salomone, Nicola",1801 N Broad St,19122,Verified,804918,Physical Therapists,62134007,"Offices Of Physical, Occupational And Speech Thera",1 to 4,Single Loc,9,
2017,Sams Garage,1329 N Mascher St,19122,Verified,753801,Automobile Repairing & Service,81111104,General Automotive Repair,1 to 4,Single Loc,19,
2017,Samuel Paley Library,1210 W Berks St,19122,Verified,823109,Libraries-Institutional,51921005,Libraries And Archives,100 to 249,Subsidiary,30,1892
2017,"Sanny, Sanky V",1801 N Broad St,19122,Verified,804918,Physical Therapists,62134007,"Offices Of Physical, Occupational And Speech Thera",1 to 4,Single Loc,9,
2017,Santech Construction,420 W Thompson St,19122,Verified,152144,Construction Companies,23611512,New Single-Family Housing Construction (Except For,1 to 4,Single Loc,11,
2017,"Scelfo, Brooke",1539 N Philip St # 21,19122,Verified,804918,Physical Therapists,62134007,"Offices Of Physical, Occupational And Speech Thera",1 to 4,Single Loc,11,
2017,School District-Philadelphia,2000 N 7th St,19122,Verified,821103,Schools,61111007,Elementary And Secondary Schools,10 to 19,Single Loc,11,
2017,Science Engineering Architct,1947 N 12th St # 201,19122,Verified,823109,Libraries-Institutional,51921005,Libraries And Archives,10 to 19,Single Loc,31,1919
2017,Second State Press Inc,1400 N American St # 103,19122,Verified,272198,Periodicals-Publishing & Printing (Mfrs),51312003,Periodical Publishers,10 to 19,Single Loc,16,
2017,Second Street Cleaners,1444 N 2nd St,19122,Verified,721201,Cleaners,81232002,Drycleaning And Laundry Services (Except Coin-Oper,1 to 4,Single Loc,14,
2017,Sedo Sanchez Enterprizes Inc,1211 N 2nd St,19122,Verified,792905,Entertainment Bureaus,71119007,Other Performing Arts Companies,5 to 9,Single Loc,17,
2017,Self Inc,1307 W Susquehanna Ave,19122,Verified,836116,Group Homes,62399007,Other Residential Care Facilities,1 to 4,Single Loc,19,1979
2017,Self Made Auto Clinic,2043 N Front St,19122,Verified,551103,,,,1 to 4,Single Loc,12,
2017,Sewing Factory,1730 N 5th St,19122,Verified,651303,Apartments,53111002,Lessors Of Residential Buildings And Dwellings,5 to 9,Single Loc,13,
2017,"Shah, Girish J MD",8th & Girard,19122,Verified,801101,Physicians & Surgeons,62111107,Offices Of Physicians (Except Mental Health Specia,1 to 4,Single Loc,11,
2017,Sherwin-Williams,1501 N Broad St # 15,19122,Verified,523107,Paint-Retail,44412003,Paint And Wallpaper Retailers,1 to 4,Branch,34,1899
2017,"Shober, Evelyn D",1810 Liacouras Walk # 4,19122,Verified,804907,Nurses-Practitioners,62139923,Offices Of All Other Miscellaneous Health Practiti,1 to 4,Single Loc,10,
2017,Si Restoration,1755 N 13th St,19122,Verified,179999,Concrete Consultants,23899037,All Other Specialty Trade Contractors,1 to 4,Single Loc,11,
2017,Singh Tire Ctr,240 Diamond St,19122,Verified,553123,Tire-Dealers-Retail,44134001,Tire Dealers,1 to 4,Single Loc,17,
2017,Sodexo,1913 N Broad St,19122,Verified,596305,,,,10 to 19,Branch,42,
2017,Solar States,1508 N American St,19122,Verified,173101,Electric Contractors,23821007,Electrical Contractors And Other Wiring Installati,20 to 49,Single Loc,15,
2017,Solaris Energy LLC,1627 N 2nd St # 210,19122,Verified,171131,Energy Management Systems & Products,23822013,"Plumbing, Heating, And Air-Conditioning Contractor",1 to 4,Single Loc,17,
2017,Spanglish Restaurant,116 W Susquehanna Ave,19122,Verified,581208,Restaurants,72251117,Full-Service Restaurants,1 to 4,Single Loc,17,
2017,Spells Writing Lab Inc,1425 N 2nd St # 22b,19122,Verified,873104,Laboratories,54171414,Research And Development In Biotechnology (Except,10 to 19,Single Loc,13,2009
2017,Spoiler Down Speed Shop,2109 N 2nd St,19122,Verified,553111,Automobile Parts & Supplies-Retail-New,44133011,Automotive Parts And Accessories Retailers,1 to 4,Single Loc,20,
2017,Sponge Factory,1325 N 5th St,19122,Verified,399903,Manufacturers,33999936,All Other Miscellaneous Manufacturing,10 to 19,Single Loc,13,
2017,"Srivastava, Monika Dmd",147 W Montgomery Ave,19122,Verified,802101,Dentists,62121003,Offices Of Dentists,1 to 4,Single Loc,10,
2017,St Benjamin Brewing Co,1710 N 5th St,19122,Verified,208201,Brewers (Mfrs),31212002,Breweries,10 to 19,Single Loc,12,2010
2017,St Malachy's Rectory,1429 N 11th St,19122,Verified,866104,Church Organizations,81311006,Religious Organizations,5 to 9,Single Loc,42,1850
2017,St Michael Roman Catholic Chr,1445 N 2nd St,19122,Verified,866104,Church Organizations,81311006,Religious Organizations,1 to 4,Single Loc,42,1831
2017,Starbucks,1801 N 12th St,19122,Verified,581228,Coffee Shops,72251505,Snack And Nonalcoholic Beverage Bars,1 to 4,Branch,19,
2017,Steel Factory Condos Assoc,1524 N Hancock St,19122,Verified,651301,Condominiums,53111004,Lessors Of Residential Buildings And Dwellings,10 to 19,Single Loc,15,
2017,Steris Barrier Product Sltns,1725 N 6th St,19122,Verified,308916,Pharmaceutical Cntnrs Equip/Supls (Mfrs),32619912,All Other Plastics Product Manufacturing,20 to 49,Branch,20,1966
2017,Stillpoint Holistic Studio,1519 N Palethorp St,19122,Verified,807111,Pain Control,62151108,Medical Laboratories,5 to 9,Single Loc,14,2008
2017,Student Life Ctr,2123 N Broad St,19122,Verified,594201,Book Dealers-Retail,45921005,Book Retailers And News Dealers,1 to 4,Single Loc,42,
2017,Studio B,1600 N 5th St,19122,Verified,781203,Audio-Visual Production Service,51211003,Motion Picture And Video Production,5 to 9,Single Loc,13,
2017,Studio Z,1400 N American St,19122,Verified,733603,Graphic Designers,54143006,Graphic Design Services,5 to 9,Single Loc,19,2007
2017,Subway,1936 Liacouras Walk,19122,Verified,581208,Restaurants,72251117,Full-Service Restaurants,5 to 9,Branch,14,
2017,Sullivan Caritable Trust,1415 N Broad St # 226,19122,Verified,839998,Non-Profit Organizations,81331908,Other Social Advocacy Organizations,100 to 249,Single Loc,31,1966
2017,Sullivan Owen,1639 N Hancock St # 102,19122,Verified,599201,Florists-Retail,45931001,Florists,1 to 4,Single Loc,15,2011
2017,"Sullivan, Owen",1639 N Hancock St # 102,19122,Verified,599201,Florists-Retail,45931001,Florists,1 to 4,Single Loc,12,
2017,Sungard,800 W Montgomery Ave,19122,Verified,737206,Software/Application/Platform Publishing,51321005,Software Publishers,10 to 19,Single Loc,12,
2017,Sunil Pharmacy Iv Inc,1207 N 5th St,19122,Verified,591205,Pharmacies,45611009,Pharmacies And Drug Retailers,5 to 9,Single Loc,11,
2017,Sunray Drugs Progress Plaza,1501 N Broad St,19122,Verified,591205,Pharmacies,45611009,Pharmacies And Drug Retailers,5 to 9,Single Loc,16,
2017,Superior Auto Security Inc,1721 N 2nd St,19122,Verified,551103,,,,1 to 4,Single Loc,22,
2017,Susque Mini Market Inc,804 W Susquehanna Ave,19122,Verified,541103,Convenience Stores,44513101,Convenience Retailers,1 to 4,Single Loc,12,
2017,Taco Riendo Restaurant,1301 N 5th St,19122,Verified,581208,Restaurants,72251117,Full-Service Restaurants,1 to 4,Single Loc,22,
2017,Tais Vietnamese Food,1835 N 12th St,19122,Verified,581208,Restaurants,72251117,Full-Service Restaurants,1 to 4,Single Loc,35,
2017,Tamora Building Systems,1600 N American St,19122,Verified,154213,Building Contractors,23622005,Commercial And Institutional Building Construction,1 to 4,Single Loc,12,
2017,Tandoor India-Fishtown,1832 N Front St,19122,Verified,581208,Restaurants,72251117,Full-Service Restaurants,1 to 4,Single Loc,11,
2017,Taylor Windows,1223 W Oxford St,19122,Verified,521107,Windows,44418066,Other Building Material Dealers,1 to 4,Single Loc,15,
2017,Teach For America Inc,100 W Oxford St # E3000,19122,Verified,874825,Educational Consultants,61171012,Educational Support Services,1 to 4,Single Loc,14,1990
2017,Temple Association Of Univ Pro,1805 N Broad St,19122,Verified,866110,Religious Organizations,81311021,Religious Organizations,5 to 9,Single Loc,10,
2017,Temple News,1755 N 13th St # 315,19122,Verified,274105,Publishers (Mfrs),51319907,All Other Publishers,5 to 9,Single Loc,14,1963
2017,Temple Univ Employee Health,1810 Liacouras Walk # 66-8,19122,Verified,801101,Physicians & Surgeons,62111107,Offices Of Physicians (Except Mental Health Specia,1 to 4,Single Loc,17,
2017,Temple Univ Student Health,1810 Liacouras Walk # 4,19122,Verified,809907,Health Services,62199921,All Other Miscellaneous Ambulatory Health Care Ser,10 to 19,Branch,31,2005
2017,Temple Univ Student Health,1810 Liacouras Walk # 4,19122,Verified,804907,Nurses-Practitioners,62139923,Offices Of All Other Miscellaneous Health Practiti,1 to 4,Single Loc,17,
2017,Temple Univ Student Health,1810 Liacouras Walk # 4,19122,Verified,801101,Physicians & Surgeons,62111107,Offices Of Physicians (Except Mental Health Specia,1 to 4,Single Loc,17,
2017,Temple Univ Student Health,1810 Liacouras Walk # 4,19122,Verified,801101,Physicians & Surgeons,62111107,Offices Of Physicians (Except Mental Health Specia,1 to 4,Single Loc,21,
2017,Temple University,2029 N Broad St,19122,Verified,822101,Schools-Universities & Colleges Academic,61131009,"Colleges, Universities, And Professional Schools",10 to 19,Branch,14,1974
2017,Temple University,710 Conwell Hl,19122,Verified,822101,Schools-Universities & Colleges Academic,61131009,"Colleges, Universities, And Professional Schools",10 to 19,Branch,15,
2017,Temple University,1810 N 13th St # 111,19122,Verified,822101,Schools-Universities & Colleges Academic,61131009,"Colleges, Universities, And Professional Schools",10 to 19,Branch,15,1919
2017,Temple University,1801 N Broad St,19122,Verified,822101,Schools-Universities & Colleges Academic,61131009,"Colleges, Universities, And Professional Schools",100 to 249,Subsidiary,32,1882
2017,Temple University,1301 Cecil B Moore Ave,19122,Verified,822101,Schools-Universities & Colleges Academic,61131009,"Colleges, Universities, And Professional Schools",5 to 9,Branch,15,1974
2017,Temple University Dpt-Jrnlsm,2020 N 13th St # 120,19122,Verified,822101,Schools-Universities & Colleges Academic,61131009,"Colleges, Universities, And Professional Schools",10 to 19,Branch,17,1963
2017,Temple University Fox Sch-Bus,1801 Liacouras Walk,19122,Verified,822101,Schools-Universities & Colleges Academic,61131009,"Colleges, Universities, And Professional Schools",10 to 19,Branch,12,2005
2017,Temple University Law Library,1719 N Broad St,19122,Verified,823106,Libraries-Public,51921006,Libraries And Archives,10 to 19,Branch,33,2005
2017,Temple University Mba Program,1801 Liacouras Walk,19122,Verified,822101,Schools-Universities & Colleges Academic,61131009,"Colleges, Universities, And Professional Schools",10 to 19,Single Loc,11,
2017,Temple University Newman Ctr,2129 N Broad St,19122,Verified,866107,Churches,81311008,Religious Organizations,1 to 4,Branch,42,
2017,Temple University Physicians,1101 W Montgomery Ave,19122,Verified,801101,Physicians & Surgeons,62111107,Offices Of Physicians (Except Mental Health Specia,10 to 19,Branch,14,2005
2017,Temple University Press,1601 N Broad St # 305,19122,Verified,274105,Publishers (Mfrs),51319907,All Other Publishers,10 to 19,Branch,26,1963
2017,Temple University-Boyer Clg,1801 N Broad St,19122,Verified,573609,Music Dealers,45914006,Musical Instrument And Supplies Retailers,1 to 4,Single Loc,15,1919
2017,Temple University-Brd Of Trsts,1330 Pollet Walk,19122,Verified,822101,Schools-Universities & Colleges Academic,61131009,"Colleges, Universities, And Professional Schools",10 to 19,Headquarter,18,
2017,Temple University-Higher Edu,1114 W Berks St,19122,Verified,822101,Schools-Universities & Colleges Academic,61131009,"Colleges, Universities, And Professional Schools",10 to 19,Single Loc,15,1963
2017,Temple University-Higher Edu,1009 W Montgomery Ave,19122,Verified,829972,Education Centers,61171001,Educational Support Services,1 to 4,Single Loc,17,1954
2017,Tend Landscape Inc,1417 N 2nd St # 2,19122,Verified,078204,Landscape Contractors,56173009,Landscaping Services,5 to 9,Single Loc,10,
2017,Tie Factory,1720 N 5th St,19122,Verified,651303,Apartments,53111002,Lessors Of Residential Buildings And Dwellings,5 to 9,Single Loc,13,
2017,Tmc The Mendez,1627 N 2nd St # 130,19122,Verified,152103,General Contractors,23611505,New Single-Family Housing Construction (Except For,1 to 4,Single Loc,13,
2017,Tnj Susquehanna,1201 W Susquehanna Ave,19122,Verified,541105,Grocers-Retail,44511003,Supermarkets And Other Grocery Retailers (Except C,1 to 4,Single Loc,42,
2017,Today's Look,1206 N 4th St,19122,Verified,723106,Beauty Salons,81211202,Beauty Salons,1 to 4,Single Loc,27,
2017,Tomlinson Thtr-Temple Unvsrty,1301 W Norris St,19122,Verified,792207,Theatres-Live,71111007,Theater Companies And Dinner Theaters,5 to 9,Single Loc,19,2005
2017,Tommies Barber Shop,1347 W Susquehanna Ave,19122,Verified,724101,Barbers,81211101,Barber Shops,1 to 4,Single Loc,28,
2017,Towey Playground,1832 N Howard St,19122,Verified,912104,Government Offices-City/Village & Twp,92112006,Legislative Bodies,1 to 4,Single Loc,33,
2017,"Tran, Paul Dpt",1642 N Franklin St,19122,Verified,804918,Physical Therapists,62134007,"Offices Of Physical, Occupational And Speech Thera",1 to 4,Single Loc,11,
2017,Transit Affordable,1900 N 9th St,19122,Verified,411914,Transportation Services,48599906,All Other Transit And Ground Passenger Transportat,1 to 4,Single Loc,12,
2017,Trend Eye Care 2,1501 N Broad St # 7,19122,Verified,804201,Optometrists OD,62132003,Offices Of Optometrists,5 to 9,Single Loc,11,2015
2017,Tru Mark Financial Cu,1900 N 5th St,19122,Verified,606101,Credit Unions,52213003,Credit Unions,5 to 9,Branch,17,
2017,Tyler School Of Art,2001 N 13th St,19122,Verified,822101,Schools-Universities & Colleges Academic,61131009,"Colleges, Universities, And Professional Schools",10 to 19,Single Loc,15,
2017,U-Haul Neighborhood Dealer,1360 N American St,19122,Verified,751303,Truck Renting & Leasing,53212016,"Truck, Utility Trailer, And Rv (Recreational Vehic",1 to 4,Branch,24,
2017,United Bank Of Philadelphia,1501 N Broad St # 17,19122,Verified,602101,Banks,52211002,Commercial Banking,1 to 4,Branch,20,1968
2017,United Neighbors Against Drugs,173 W Norris St,19122,Verified,832218,Social Service & Welfare Organizations,62419012,Other Individual And Family Services,10 to 19,Single Loc,22,
2017,Universal Granite & Marble Inc,216 W Norris St,19122,Verified,503231,Stone-Natural-Wholesale,42332043,"Brick, Stone, And Related Construction Material Me",1 to 4,Branch,15,2004
2017,University Village Temple,1701 N 10th St,19122,Verified,702106,Student Housing,72131009,"Rooming And Boarding Houses, Dormitories, And Work",20 to 49,Branch,22,
2017,Ups Store,1201 N 3rd St,19122,Verified,733101,Mailing & Shipping Services,54186007,Direct Mail Advertising,1 to 4,Branch,9,
2017,Ups Store,1755 N 13th St,19122,Verified,733101,Mailing & Shipping Services,54186007,Direct Mail Advertising,1 to 4,Branch,16,
2017,Vagabond Ceramics,1853 N Howard St # 2,19122,Verified,594513,Ceramic Equipment & Supplies,45912006,"Hobby, Toy, And Game Retailers",1 to 4,Single Loc,9,
2017,Valdez Food Inc,1815 N 2nd St,19122,Verified,209998,Food Preparations NEC (Mfrs),31199905,All Other Miscellaneous Food Manufacturing,10 to 19,Single Loc,42,1936
2017,Valentin Tire Svc,1343 N 5th St,19122,Verified,553123,Tire-Dealers-Retail,44134001,Tire Dealers,1 to 4,Single Loc,15,
2017,Vargas Auto Cafe Inc,1927 N 2nd St,19122,Verified,753801,Automobile Repairing & Service,81111104,General Automotive Repair,1 to 4,Single Loc,12,
2017,Verdi Contracting,2114 N 6th St,19122,Verified,152103,General Contractors,23611505,New Single-Family Housing Construction (Except For,10 to 19,Single Loc,38,
2017,Visionquest Inc,1415 N Broad St,19122,Verified,832218,Social Service & Welfare Organizations,62419012,Other Individual And Family Services,10 to 19,Single Loc,13,
2017,Vius,1639 N Hancock St # 407,19122,Verified,737311,Website Design Service,54151217,Computer Systems Design Services,5 to 9,Branch,17,
2017,Water Damage Philadelphia,1923 Fairview,19122,Verified,152114,Fire Damage Restoration,23611813,Residential Remodelers,20 to 49,Single Loc,15,
2017,Watson Chiropractic,1501 N Broad St # 17,19122,Verified,804101,Chiropractors DC,62131002,Offices Of Chiropractors,1 to 4,Single Loc,14,
2017,Wedding Details,1750 N Front St,19122,Verified,599940,Wedding Supplies & Services,45521947,All Other General Merchandise Retailers,1 to 4,Single Loc,10,
2017,West Girard Health Pharmacy,1207 N 5th St,19122,Verified,591205,Pharmacies,45611009,Pharmacies And Drug Retailers,5 to 9,Single Loc,42,
2017,"Wolk, Larry A MD",Eighth Street & Girard Avenue,19122,Verified,801101,Physicians & Surgeons,62111107,Offices Of Physicians (Except Mental Health Specia,1 to 4,Single Loc,11,
2017,Womens Community,1328 N Orianna St,19122,Verified,832218,Social Service & Welfare Organizations,62419012,Other Individual And Family Services,10 to 19,Single Loc,13,
2017,Womens Community,2036 N 4th St,19122,Verified,832218,Social Service & Welfare Organizations,62419012,Other Individual And Family Services,10 to 19,Single Loc,13,
2017,Womens Community Rvtlztn,100 W Oxford St,19122,Verified,832218,Social Service & Welfare Organizations,62419012,Other Individual And Family Services,20 to 49,Single Loc,33,
2017,Wright High Security,726 W Jefferson St,19122,Verified,506304,Security Control Equip & Systems-Whls,42361063,"Electrical Apparatus And Equipment, Wiring Supplie",1 to 4,Single Loc,10,
2017,"Ye, Lili",2131 N Broad St,19122,Verified,804939,Pharmacists,62133002,Offices Of Mental Health Practitioners (Except Phy,1 to 4,Single Loc,11,
2017,York Snack Food,1500 N 5th St,19122,Verified,874831,Food Facilities-Consultants,54161821,Other Management Consulting Services,5 to 9,Single Loc,21,
2017,Yorktown Arms,1300 W Jefferson St Ofc,19122,Verified,651303,Apartments,53111002,Lessors Of Residential Buildings And Dwellings,1 to 4,Single Loc,28,
2017,Yorktown Community Development,1300 W Jefferson St # 2,19122,Verified,839908,Human Services Organizations,81331101,Human Rights Organizations,1 to 4,Single Loc,30,
2017,Youth Empowerment Svc,1231 N Broad St # 2,19122,Verified,832218,Social Service & Welfare Organizations,62419012,Other Individual And Family Services,20 to 49,Single Loc,25,
2017,Youth United For Change,1910 N Front St,19122,Verified,832222,Youth Organizations & Centers,62411006,Child And Youth Services,5 to 9,Single Loc,28,1991
2017,Youthbuild Charter School,1231 N Broad St # 3,19122,Verified,821108,Educational Programs,61169103,Exam Preparation And Tutoring,20 to 49,Single Loc,22,1992
2017,Zoom Holdings LLC,1920 N 7th St,19122,Verified,671901,Holding Companies (Non-Bank),55111201,Offices Of Other Holding Companies,1 to 4,Single Loc,13,
