Company Name,Address,ZIP Code,Legal Name,Record Type,Neighborhood,Census Block Group,Company Description,Primary SIC Code,Primary SIC Description,Primary NAICS,Primary NAICS Description,Location Employee Size Range,Location Type,Years In Database,Square Footage,Latitude,Longitude
100 Black Men Of Philadelphia,2300 W Master St # 1,19121,NA,Unverified,Sharswood,2,NA,999977,Nonclassified Establishments,99999004,Unclassified Establishments,NA,Single Loc,2,NA,039.976239,-75.174217
1220 Lindley Avenue Assoc LLC,2101 N College Ave,19121,1220 LINDLEY AVENUE ASSOC LLC,Unverified,Sharswood,2,NA,999977,Nonclassified Establishments,99999004,Unclassified Establishments,NA,Single Loc,4,NA,039.975227,-75.171211
1496 Bushwick LLC,2101 N College Ave,19121,1496 BUSHWICK LLC,Unverified,Sharswood,2,NA,999977,Nonclassified Establishments,99999004,Unclassified Establishments,NA,Single Loc,4,NA,039.975227,-75.171211
1518 Loudon LLC,2026 Ridge Ave,19121,1518 LOUDON LLC,Unverified,Sharswood,2,NA,653118,Real Estate,53121003,Offices Of Real Estate Agents And Brokers,1 to 4,Single Loc,12,"2,500 - 4,999",039.976045,-75.16908
1530 Ridge LLC,2026 Ridge Ave # 2,19121,1530 RIDGE LLC,Unverified,Sharswood,2,NA,999977,Nonclassified Establishments,99999004,Unclassified Establishments,NA,Single Loc,4,NA,039.976045,-75.16908
16th Associates LLC,2101 N College Ave,19121,16TH ASSOCIATES LLC,Unverified,Sharswood,2,NA,999977,Nonclassified Establishments,99999004,Unclassified Establishments,NA,Single Loc,4,NA,039.975227,-75.171211
1985 LLC,2026 Ridge Ave # 4,19121,1985 LLC,Unverified,Sharswood,2,NA,999977,Nonclassified Establishments,99999004,Unclassified Establishments,NA,Single Loc,4,NA,039.976045,-75.16908
2048 St Inc,2048 Ridge Ave,19121,2048 ST INC,Unverified,Sharswood,2,NA,653118,Real Estate,53121003,Offices Of Real Estate Agents And Brokers,5 to 9,Single Loc,4,NA,039.976574,-75.169336
2111 Seybert LLC,2111 W Seybert St,19121,2111 SEYBERT LLC,Unverified,Sharswood,2,NA,999977,Nonclassified Establishments,99999004,Unclassified Establishments,NA,Single Loc,4,NA,039.975645,-75.170902
2245 W Thompson Street Condo,2245 W Thompson St,19121,2245 W THOMPSON STREET CONDOMINIUM ASSN,Unverified,Sharswood,2,NA,999977,Nonclassified Establishments,99999004,Unclassified Establishments,NA,Single Loc,2,NA,039.975214,-75.173443
2323 Jefferson St,2323 W Jefferson St,19121,NA,Unverified,Sharswood,1,NA,999977,Nonclassified Establishments,99999004,Unclassified Establishments,NA,Single Loc,3,NA,039.978147,-75.173577
2434 W Thompson Street,2434 W Thompson St,19121,2434 W THOMPSON STREET HOMEOWNERS' ASSN,Unverified,Sharswood,2,NA,999977,Nonclassified Establishments,99999004,Unclassified Establishments,NA,Single Loc,2,NA,039.975341,-75.176656
2448 Master Inc,2448 W Master St,19121,2448 MASTER INC,Unverified,Sharswood,2,NA,999977,Nonclassified Establishments,99999004,Unclassified Establishments,NA,Single Loc,4,NA,039.976679,-75.176478
25 Bar Inc,2448 W Master St,19121,25 BAR INC,Unverified,Sharswood,2,NA,999977,Nonclassified Establishments,99999004,Unclassified Establishments,NA,Single Loc,4,NA,039.976679,-75.176478
257 Sharpnack LLC,2026 Ridge Ave,19121,257 SHARPNACK LLC,Unverified,Sharswood,2,NA,653108,Real Estate Management,53121005,Offices Of Real Estate Agents And Brokers,1 to 4,Single Loc,12,"1,500 - 2,499",039.976045,-75.16908
2645 Jefferson LLC,2026 Ridge Ave,19121,2645 JEFFERSON LLC,Unverified,Sharswood,2,NA,999977,Nonclassified Establishments,99999004,Unclassified Establishments,NA,Single Loc,4,NA,039.976045,-75.16908
3632 Sydenham LLC,2026 Ridge Ave,19121,3632 SYDENHAM LLC,Unverified,Sharswood,2,NA,999977,Nonclassified Establishments,99999004,Unclassified Establishments,NA,Single Loc,4,NA,039.976045,-75.16908
3838 Brown LLC,2026 Ridge Ave,19121,3838 BROWN LLC,Unverified,Sharswood,2,NA,999977,Nonclassified Establishments,99999004,Unclassified Establishments,NA,Single Loc,4,NA,039.976045,-75.16908
4501 Frankford Ave Assoc LLC,2101 N College Ave # H2,19121,4501 FRANKFORD AVE ASSOC LLC,Unverified,Sharswood,2,NA,999977,Nonclassified Establishments,99999004,Unclassified Establishments,NA,Single Loc,4,NA,039.975227,-75.171211
4545 Uber LLC,2026 Ridge Ave,19121,4545 UBER LLC,Unverified,Sharswood,2,NA,653118,Real Estate,53121003,Offices Of Real Estate Agents And Brokers,1 to 4,Single Loc,12,"2,500 - 4,999",039.976045,-75.16908
4th Quarter Construction Inc,2438 W Seybert St,19121,4TH QUARTER CONSTRUCTION INC,Unverified,Sharswood,2,NA,152144,Construction Companies,23611512,New Single-Family Housing Construction (Except For,1 to 4,Single Loc,4,NA,039.975869,-75.176259
5041 Wade LLC,2026 Ridge Ave,19121,5041 WADE LLC,Unverified,Sharswood,2,NA,653108,Real Estate Management,53121005,Offices Of Real Estate Agents And Brokers,1 to 4,Single Loc,12,"1,500 - 2,499",039.976045,-75.16908
5101 North Twelfth Street Assc,2101 N College Ave,19121,NA,Unverified,Sharswood,2,NA,999977,Nonclassified Establishments,99999004,Unclassified Establishments,NA,Single Loc,4,NA,039.975227,-75.171211
6039 Norwood LLC,2026 Ridge Ave,19121,6039 NORWOOD LLC,Unverified,Sharswood,2,NA,999977,Nonclassified Establishments,99999004,Unclassified Establishments,NA,Single Loc,4,NA,039.976045,-75.16908
6055 Haverford LLC,2026 Ridge Ave,19121,6055 HAVERFORD LLC,Unverified,Sharswood,2,NA,999977,Nonclassified Establishments,99999004,Unclassified Establishments,NA,Single Loc,4,NA,039.976045,-75.16908
7015 Roosevelt LLC,2048 Ridge Ave,19121,7015 ROOSEVELT LLC,Unverified,Sharswood,2,NA,999977,Nonclassified Establishments,99999004,Unclassified Establishments,NA,Single Loc,11,"1 - 1,499",039.976574,-75.169336
806 Moyer St LLC,2207 W Thompson St # 1,19121,806 MOYER ST LLC,Unverified,Sharswood,2,NA,999977,Nonclassified Establishments,99999004,Unclassified Establishments,NA,Single Loc,1,NA,039.975080,-75.172381
A & G Capital Group LLC,2215 W Thompson St,19121,A & G CAPITAL GROUP LLC,Unverified,Sharswood,2,NA,999977,Nonclassified Establishments,99999004,Unclassified Establishments,NA,Single Loc,4,NA,039.975106,-75.172601
A Morgan & Son Inc,2050 Ridge Ave,19121,A MORGAN & SON INC,Unverified,Sharswood,2,NA,999977,Nonclassified Establishments,99999004,Unclassified Establishments,NA,Single Loc,4,NA,039.976741,-75.169369
AACC,2442 W Seybert St,19121,NA,Unverified,Sharswood,2,NA,999977,Nonclassified Establishments,99999004,Unclassified Establishments,NA,Single Loc,2,NA,039.975880,-75.176359
Aasimah's Blessed Hands LLC,2344 Sharswood St,19121,AASIMAH'S BLESSED HANDS LLC,Unverified,Sharswood,1,NA,999977,Nonclassified Establishments,99999004,Unclassified Establishments,NA,Single Loc,3,NA,039.977120,-75.174658
Adam Analysis & Logic LLC,2111 W Master St,19121,ATOM ANALYSIS & LOGIC LLC,Unverified,Sharswood,2,NA,865101,Political Organizations,81394003,Political Organizations,1 to 4,Single Loc,16,"1,500 - 2,499",039.976165,-75.170686
Aesthetic Concepts Inc,2123 W Master St,19121,AESTHETIC CONCEPTS INC,Unverified,Sharswood,2,NA,999977,Nonclassified Establishments,99999004,Unclassified Establishments,NA,Single Loc,2,NA,039.976224,-75.171097
Agricultural Hut LLC,2130 W Master St,19121,AGRICULTURAL HUT LLC,Unverified,Sharswood,2,NA,013901,Agricultural Products,11199801,All Other Miscellaneous Crop Farming,5 to 9,Single Loc,4,NA,039.975943,-75.171221
Ah Cornerstone Invstmnt Group,2331 N College Ave,19121,NA,Unverified,Sharswood,2,NA,621111,Investments,52391001,Miscellaneous Intermediation,1 to 4,Single Loc,4,NA,039.974755,-75.174696
Ahold Delhaize,1316 N 23rd St,19121,NA,Unverified,Sharswood,2,NA,999977,Nonclassified Establishments,99999004,Unclassified Establishments,NA,Single Loc,2,NA,039.975520,-75.173818
All Team Staffing,2203 W Jefferson St,19121,NA,Unverified,Sharswood,1,NA,736103,Employment Agencies & Opportunities,56131102,Employment Placement Agencies,10 to 19,Single Loc,2,NA,039.977612,-75.171596
Ambassadors For Christ Prayer,2425 W Master St,19121,NA,Unverified,Sharswood,1,NA,866107,Churches,81311008,Religious Organizations,1 to 4,Single Loc,4,NA,039.976835,-75.175957
American Academy-Family Phys,2019 W Jefferson St,19121,NA,Unverified,Sharswood,2,NA,801101,Physicians & Surgeons,62111107,Offices Of Physicians (Except Mental Health Specia,1 to 4,Single Loc,6,"1,500 - 2,499",039.977361,-75.16887
Ameritech,2412 W Master St,19121,NA,Unverified,Sharswood,2,NA,999977,Nonclassified Establishments,99999004,Unclassified Establishments,NA,Single Loc,5,NA,039.976620,-75.1758
Armstrong & Manes Inc,2317 W Thompson St,19121,ARMSTRONG & MANES INC,Unverified,Sharswood,2,NA,873204,Market Research & Analysis,54191001,Marketing Research And Public Opinion Polling,5 to 9,Single Loc,14,"2,500 - 4,999",039.975327,-75.174233
Art Sanctuary,2101 S College Ave,19121,NA,Unverified,Sharswood,3,NA,599969,Art Galleries & Dealers,45992002,Art Dealers,1 to 4,Single Loc,11,"1,500 - 2,499",039.972736,-75.173275
Audio Diagnostics Labs Inc,2323 W Thompson St,19121,AUDIO DIAGNOSTICS LABS INC,Unverified,Sharswood,2,NA,873104,Laboratories,54171414,Research And Development In Biotechnology (Except,1 to 4,Single Loc,4,NA,039.975344,-75.174403
Auto Gallery Inc,1412b N 22nd St,19121,AUTO GALLERY INC,Unverified,Sharswood,1,NA,551102,Automobile Dealers-New Cars,44111001,New Car Dealers,20 to 49,Single Loc,2,NA,039.976594,-75.171926
Automatic Winners LLC,2438 W Seybert St,19121,AUTOMATIC WINNERS LLC,Unverified,Sharswood,2,NA,999977,Nonclassified Establishments,99999004,Unclassified Establishments,NA,Single Loc,4,NA,039.975869,-75.176259
Baby Steps LLC,2205 W Thompson St,19121,BABY STEPS LLC,Unverified,Sharswood,2,NA,874899,Consultants-Business NEC,54161830,Other Management Consulting Services,1 to 4,Single Loc,11,"1,500 - 2,499",039.975074,-75.172324
Baltimore Technologies,2101 N College Ave,19121,NA,Unverified,Sharswood,2,NA,999977,Nonclassified Establishments,99999004,Unclassified Establishments,NA,Single Loc,2,NA,039.975227,-75.171211
Barkmore Estates LLC,2220 W Master St # 10,19121,BARKMORE ESTATES LLC,Unverified,Sharswood,2,NA,999977,Nonclassified Establishments,99999004,Unclassified Establishments,NA,Single Loc,1,NA,039.976134,-75.17263
Baxter's Barber Shop,2040 Ridge Ave,19121,NA,Unverified,Sharswood,2,NA,724101,Barbers,81211101,Barber Shops,1 to 4,Single Loc,41,"1 - 1,499",039.976417,-75.169163
Bennu Group,2017 W Master St,19121,NA,Unverified,Sharswood,2,NA,999977,Nonclassified Establishments,99999004,Unclassified Establishments,5 to 9,Single Loc,20,"1,500 - 2,499",039.975870,-75.169052
Bennu Realty Group LLC,2017 W Master St,19121,BENNU REALTY GROUP LLC,Unverified,Sharswood,2,NA,653118,Real Estate,53121003,Offices Of Real Estate Agents And Brokers,1 to 4,Single Loc,15,"2,500 - 4,999",039.975870,-75.169052
Berks Development & Constr Inc,2222 W Oxford St,19121,BERKS DEVELOPMENT & CONSTRUCTION INC,Unverified,Sharswood,1,NA,999977,Nonclassified Establishments,99999004,Unclassified Establishments,NA,Single Loc,4,NA,039.978985,-75.171869
Berte Home Improvement LLC,2433 W Jefferson St,19121,BERTE HOME IMPROVEMENT LLC,Unverified,Sharswood,1,NA,999977,Nonclassified Establishments,99999004,Unclassified Establishments,NA,Single Loc,3,NA,039.978196,-75.175708
Best Choice Rentals Inc,2026 Ridge Ave,19121,BEST CHOICE RENTALS INC,Unverified,Sharswood,2,NA,999977,Nonclassified Establishments,99999004,Unclassified Establishments,NA,Single Loc,11,"1 - 1,499",039.976045,-75.16908
Big Brthers Big Ssters Indpndn,2101 S College Ave,19121,NA,Unverified,Sharswood,3,NA,999977,Nonclassified Establishments,99999004,Unclassified Establishments,NA,Single Loc,2,NA,039.972736,-75.173275
Big Dawg Auto Salez LLC,2442 Harlan St,19121,BIG DAWG AUTO SALEZ LLC,Unverified,Sharswood,1,NA,999977,Nonclassified Establishments,99999004,Unclassified Establishments,NA,Single Loc,4,NA,039.976993,-75.176117
Big Reds Wrap,1326 N 22nd St,19121,NA,Unverified,Sharswood,2,NA,999977,Nonclassified Establishments,99999004,Unclassified Establishments,NA,Single Loc,4,NA,039.975966,-75.172079
Black Ink Creative LLC,2216 W Seybert St,19121,BLACK INK CREATIVE DELINQUENT DECEMBER 1 2017,Unverified,Sharswood,2,NA,999977,Nonclassified Establishments,99999004,Unclassified Establishments,NA,Single Loc,9,"1 - 1,499",039.975357,-75.172601
Black Roses LLC,2341 W Jefferson St,19121,BLACK ROSES LLC,Unverified,Sharswood,1,NA,999977,Nonclassified Establishments,99999004,Unclassified Establishments,NA,Single Loc,3,NA,039.977823,-75.173237
Blumberg Service Corp,2311 W Jefferson St,19121,BLUMBERG SERVICE CORP,Unverified,Sharswood,1,NA,899999,Services NEC,54199009,"All Other Professional, Scientific, And Technical",1 to 4,Single Loc,4,NA,039.977794,-75.172997
Bob Buy & Sell Svc LLC,2419 W Master St,19121,BOB BUY & SELL SVC LLC,Unverified,Sharswood,1,NA,899999,Services NEC,54199009,"All Other Professional, Scientific, And Technical",1 to 4,Single Loc,4,NA,039.976794,-75.175734
Bomb Hair LLC,2129 W Jefferson St,19121,BOMB HAIR LTD LIABILITY CO,Unverified,Sharswood,2,NA,723106,Beauty Salons,81211202,Beauty Salons,1 to 4,Single Loc,3,NA,039.977591,-75.170846
Bosman & Sons Inc,1265 N 23rd St,19121,BOSMAN & SONSINC,Unverified,Sharswood,2,NA,999977,Nonclassified Establishments,99999004,Unclassified Establishments,NA,Single Loc,1,NA,039.974999,-75.173548
Braid Co Inc,2200 W Jefferson St,19121,BRAID CO INC,Unverified,Sharswood,1,NA,723106,Beauty Salons,81211202,Beauty Salons,1 to 4,Single Loc,4,NA,039.977418,-75.171691
Bricky World LLC,2442 W Seybert St,19121,BRICKY WORLD LLC,Unverified,Sharswood,2,NA,999977,Nonclassified Establishments,99999004,Unclassified Establishments,NA,Single Loc,4,NA,039.975880,-75.176359
Briscoe's 2100 W Jefferson,2100 W Jefferson St,19121,NA,Unverified,Sharswood,2,NA,999977,Nonclassified Establishments,99999004,Unclassified Establishments,NA,Single Loc,4,NA,039.977088,-75.170788
Brooke's Bridge's LLC,1502 N 22nd St,19121,BROOKE'S BRIDGE'S LLC,Unverified,Sharswood,1,NA,999977,Nonclassified Establishments,99999004,Unclassified Establishments,NA,Single Loc,3,NA,039.977671,-75.171562
Brown's Variety,2100 W Master St,19121,BROWN'S VARIETY,Unverified,Sharswood,2,NA,999977,Nonclassified Establishments,99999004,Unclassified Establishments,NA,Single Loc,3,NA,039.975813,-75.170372
Buzzy B Delights LLC,2435 W Thompson St,19121,BUZZY B DELIGHTS LLC,Unverified,Sharswood,2,NA,999977,Nonclassified Establishments,99999004,Unclassified Establishments,NA,Single Loc,4,NA,039.975584,-75.176465
Callum No 7 LLC,1223 N 25th St # 3,19121,CALLUM NO 7 LLC,Unverified,Sharswood,2,NA,999977,Nonclassified Establishments,99999004,Unclassified Establishments,NA,Single Loc,4,NA,039.975141,-75.176769
Candy's Decorganizing Svc LLC,2300 W Master St,19121,CANDY'S DECORGANIZING SVC LLC,Unverified,Sharswood,2,NA,999977,Nonclassified Establishments,99999004,Unclassified Establishments,NA,Single Loc,3,NA,039.976239,-75.174217
Carephilly Constructed LLC,1402d N 22nd St,19121,CAREPHILLY CONSTRUCTED LLC,Unverified,Sharswood,1,NA,999977,Nonclassified Establishments,99999004,Unclassified Establishments,NA,Single Loc,3,NA,039.976284,-75.171868
Caribbean Bites Co,2248 Stewart St # D,19121,NA,Unverified,Sharswood,1,NA,999977,Nonclassified Establishments,99999004,Unclassified Establishments,NA,Single Loc,4,NA,039.977250,-75.17268
Carolyn F Wesley Ent Inc,2440 W Seybert St,19121,CAROLYN F WESLEY ENT INC,Unverified,Sharswood,2,NA,999977,Nonclassified Establishments,99999004,Unclassified Establishments,NA,Single Loc,1,NA,039.975875,-75.176308
Cdfi Coalition,2444 W Seybert St,19121,NA,Unverified,Sharswood,2,NA,999977,Nonclassified Establishments,99999004,Unclassified Establishments,NA,Single Loc,2,NA,039.975886,-75.176409
Central Refrigeration Co,2016 Ridge Ave,19121,NA,Unverified,Sharswood,2,NA,762302,Refrigerators & Freezers-Service/Repair,81141216,Appliance Repair And Maintenance,1 to 4,Single Loc,4,NA,039.975883,-75.168861
Century 21 Tradin Places,2232d Stewart St,19121,NA,Unverified,Sharswood,1,NA,653118,Real Estate,53121003,Offices Of Real Estate Agents And Brokers,1 to 4,Single Loc,2,NA,039.977230,-75.172535
Chef's Secret Enterprises LLC,1202 N 24th St # 2,19121,CHEF'S SECRET ENTERPRISES LLC,Unverified,Sharswood,2,NA,999977,Nonclassified Establishments,99999004,Unclassified Establishments,NA,Single Loc,2,NA,039.974816,-75.17562
Chico White,2344 W Thompson St,19121,NA,Unverified,Sharswood,2,NA,999977,Nonclassified Establishments,99999004,Unclassified Establishments,NA,Single Loc,4,NA,039.975111,-75.174987
Childrens Aid Society-Penna,2027 N College Ave,19121,NA,Unverified,Sharswood,2,NA,999977,Nonclassified Establishments,99999004,Unclassified Establishments,NA,Single Loc,2,NA,039.975286,-75.169409
Childrens Learning Arc,2058 Ridge Ave,19121,CHILDRENS LEARNING ARC,Unverified,Sharswood,2,NA,835101,Child Care Service,62441003,Child Care Services,1 to 4,Single Loc,8,"1,500 - 2,499",039.976910,-75.169451
Childrens Positive Palace,2058 Ridge Ave # 1,19121,NA,Unverified,Sharswood,2,NA,835101,Child Care Service,62441003,Child Care Services,1 to 4,Single Loc,13,"1,500 - 2,499",039.976910,-75.169451
China Sea,2454 Harlan St,19121,NA,Unverified,Sharswood,1,NA,581208,Restaurants,72251117,Full-Service Restaurants,1 to 4,Single Loc,20,"1 - 1,499",039.977029,-75.17642
"China, Sea",2454 Harlan St,19121,NA,Unverified,Sharswood,1,NA,581208,Restaurants,72251117,Full-Service Restaurants,1 to 4,Single Loc,15,"1 - 1,499",039.977029,-75.17642
Christ Mission Ctr,2026 Ridge Ave # 2,19121,CHRIST MISSION INC,Unverified,Sharswood,2,NA,866107,Churches,81311008,Religious Organizations,1 to 4,Single Loc,15,"1,500 - 2,499",039.976045,-75.16908
Christian Mission Baptist Chr,2131 W Seybert St,19121,CHRISTIAN MISSION BAPTIST CHURCH,Unverified,Sharswood,2,NA,866107,Churches,81311008,Religious Organizations,1 to 4,Single Loc,27,"1,500 - 2,499",039.975564,-75.17147
Citilife Inc,2118 W Master St,19121,CITILIFE INC,Unverified,Sharswood,2,NA,999977,Nonclassified Establishments,99999004,Unclassified Establishments,NA,Single Loc,4,NA,039.975903,-75.170878
City Of Greenville,1202 N Taylor St,19121,NA,Unverified,Sharswood,2,NA,912104,Government Offices-City/Village & Twp,92112006,Legislative Bodies,20 to 49,Single Loc,2,NA,039.974722,-75.176596
City Wide Refrigeration,2210 W Oxford St,19121,NA,Unverified,Sharswood,1,NA,762302,Refrigerators & Freezers-Service/Repair,81141216,Appliance Repair And Maintenance,1 to 4,Single Loc,4,NA,039.978948,-75.171552
Classic Varsity LTD,2101 S College Ave # 175,19121,NA,Unverified,Sharswood,3,NA,999977,Nonclassified Establishments,99999004,Unclassified Establishments,NA,Single Loc,4,NA,039.972736,-75.173275
Clean Image Cleaning Co,2328 W Thompson St,19121,NA,Unverified,Sharswood,2,NA,734902,Janitor Service,56172001,Janitorial Services,1 to 4,Single Loc,4,NA,039.975067,-75.174561
Clean To Perfection,2410 W Thompson St,19121,NA,Unverified,Sharswood,2,NA,999977,Nonclassified Establishments,99999004,Unclassified Establishments,NA,Single Loc,4,NA,039.975227,-75.175736
Clemente Beer,2048 Ridge Ave,19121,NA,Unverified,Sharswood,2,NA,518101,Beer & Ale-Wholesale,42481001,Beer And Ale Merchant Wholesalers,1 to 4,Single Loc,13,"2,500 - 4,999",039.976574,-75.169336
CMCS Inc,2225 N College Ave,19121,CMCS INC,Unverified,Sharswood,2,NA,999977,Nonclassified Establishments,99999004,Unclassified Establishments,NA,Single Loc,2,NA,039.974888,-75.173047
Cocanut Grove,2104 Ridge Ave,19121,NA,Unverified,Sharswood,2,NA,999977,Nonclassified Establishments,99999004,Unclassified Establishments,NA,Single Loc,4,NA,039.977975,-75.170092
Coko's Hair Hut,2004 Ridge Ave,19121,NA,Unverified,Sharswood,2,NA,723106,Beauty Salons,81211202,Beauty Salons,1 to 4,Single Loc,9,"1 - 1,499",039.975410,-75.168605
Committee To Investigate,1410 N 21st St,19121,NA,Unverified,Sharswood,2,NA,999977,Nonclassified Establishments,99999004,Unclassified Establishments,NA,Single Loc,4,NA,039.976331,-75.17033
Community Coordinating Svc,2006 Ridge Ave # 2,19121,NA,Unverified,Sharswood,2,NA,899999,Services NEC,54199009,"All Other Professional, Scientific, And Technical",1 to 4,Single Loc,4,NA,039.975453,-75.168634
Compass Group USA Inc,2101 N College Ave,19121,COMPASS GROUP USA INC,Unverified,Sharswood,2,NA,514939,Food Service-Distributors (Whls),42512058,Wholesale Trade Agents And Brokers,10 to 19,Branch,15,"20,000 - 39,999",039.975227,-75.171211
Compassionate Caretakers,2100 Ridge Ave,19121,COMPASSIONATE CARETAKERS DEVELOPMENTAL LEARNING CTR LLC,Unverified,Sharswood,2,NA,738999,Business Services NEC,56199001,All Other Support Services,1 to 4,Single Loc,7,"1,500 - 2,499",039.977905,-75.170048
Compassionate Caretakers,2439 N College Ave # 5,19121,COMPASSIONATE CARETAKERS HOMECARE AGENCY,Unverified,Sharswood,2,NA,808201,Home Health Service,62161001,Home Health Care Services,5 to 9,Single Loc,4,NA,039.974511,-75.17695
Consultor Imobilirio,2101 N College Ave,19121,NA,Unverified,Sharswood,2,NA,999977,Nonclassified Establishments,99999004,Unclassified Establishments,NA,Single Loc,3,NA,039.975227,-75.171211
Cosmetic-PORT LLC,2224 W Oxford St,19121,COSMETIC-PORT LLC,Unverified,Sharswood,1,NA,999977,Nonclassified Establishments,99999004,Unclassified Establishments,NA,Single Loc,4,NA,039.978991,-75.171922
Crawl-EZ Socks,2101 S College Ave,19121,NA,Unverified,Sharswood,3,NA,999977,Nonclassified Establishments,99999004,Unclassified Establishments,NA,Single Loc,11,"1 - 1,499",039.972736,-75.173275
Crefeld School,2101 S College Ave,19121,NA,Unverified,Sharswood,3,NA,821103,Schools,61111007,Elementary And Secondary Schools,100 to 249,Single Loc,3,NA,039.972736,-75.173275
Crooklyn Property LLC,2430 W Jefferson St,19121,CROOKLYN PROPERTY LLC,Unverified,Sharswood,1,NA,653118,Real Estate,53121003,Offices Of Real Estate Agents And Brokers,1 to 4,Single Loc,4,NA,039.977942,-75.175673
Cruze Limousine Svc Inc,2027 W Master St # 2,19121,CRUZE LIMOUSINE SVC INC,Unverified,Sharswood,2,NA,411903,Limousine Service,48532002,Limousine Service,1 to 4,Single Loc,4,NA,039.976008,-75.169365
Dan's Trucking Co,2422 W Master St,19121,DAN'S TRUCKING CO,Unverified,Sharswood,2,NA,421304,Trucking,48423013,"Specialized Freight (Except Used Goods) Trucking,",1 to 4,Single Loc,3,NA,039.976554,-75.175781
Dashing Rogue,2205 W Thompson St,19121,NA,Unverified,Sharswood,2,NA,999977,Nonclassified Establishments,99999004,Unclassified Establishments,NA,Single Loc,1,NA,039.975074,-75.172324
David Fitzgerald,2114 Ridge Ave,19121,NA,Unverified,Sharswood,2,NA,999977,Nonclassified Establishments,99999004,Unclassified Establishments,NA,Single Loc,2,NA,039.978330,-75.170248
Dbod LLC,1513 N 23rd St,19121,DBOD LLC,Unverified,Sharswood,1,NA,999977,Nonclassified Establishments,99999004,Unclassified Establishments,NA,Single Loc,4,NA,039.979236,-75.172697
Dieu LA Fait LLC,1326 N 22nd St,19121,DIEU LA FAIT LLC,Unverified,Sharswood,2,NA,504403,Copying & Duplicating Machines & Supls,42342015,Office Equipment Merchant Wholesalers,20 to 49,Single Loc,4,NA,039.975966,-75.172079
Diudin Inc,2440 W Jefferson St # 2,19121,DIUDIN INC,Unverified,Sharswood,1,NA,999977,Nonclassified Establishments,99999004,Unclassified Establishments,NA,Single Loc,4,NA,039.977968,-75.175938
DJ Delivery LLC,1414d N 23rd St,19121,DJ DELIVERY LLC,Unverified,Sharswood,1,NA,999977,Nonclassified Establishments,99999004,Unclassified Establishments,NA,Single Loc,3,NA,039.976833,-75.173395
DMC Power Inc,2101 S College Ave,19121,DMC POWER INC,Unverified,Sharswood,3,NA,999977,Nonclassified Establishments,99999004,Unclassified Establishments,NA,Single Loc,3,NA,039.972736,-75.173275
Dr Mary Washam,2222 W Master St,19121,NA,Unverified,Sharswood,2,NA,999977,Nonclassified Establishments,99999004,Unclassified Establishments,NA,Single Loc,11,"1 - 1,499",039.976127,-75.172577
Dream Home Builders Constr LLC,2113 Sharswood St,19121,DREAM HOME BUILDERS CONSTR LLC,Unverified,Sharswood,2,NA,152144,Construction Companies,23611512,New Single-Family Housing Construction (Except For,1 to 4,Single Loc,4,NA,039.976902,-75.170652
Drexel University,2428 W Thompson St,19121,NA,Unverified,Sharswood,2,NA,999977,Nonclassified Establishments,99999004,Unclassified Establishments,NA,Single Loc,1,NA,039.975299,-75.176573
Durable Vulcanizing Co,2017 W Master St,19121,NA,Unverified,Sharswood,2,NA,999977,Nonclassified Establishments,99999004,Unclassified Establishments,NA,Single Loc,4,NA,039.975870,-75.169052
East Bethel Baptist Church,1521 N 24th St,19121,NA,Unverified,Sharswood,1,NA,866107,Churches,81311008,Religious Organizations,1 to 4,Single Loc,4,NA,039.978856,-75.174437
Easy Does It,2017 N College Ave,19121,EAZY DOES IT INC,Unverified,Sharswood,2,NA,999977,Nonclassified Establishments,99999004,Unclassified Establishments,NA,Single Loc,15,"1 - 1,499",039.975357,-75.169019
El Centro De Estudiantes,2300 W Master St # 1,19121,NA,Unverified,Sharswood,2,NA,999977,Nonclassified Establishments,99999004,Unclassified Establishments,NA,Single Loc,2,NA,039.976239,-75.174217
Elite & Pro Barbers LLC,2423 W Master St,19121,ELITE & PRO BARBERS LLC,Unverified,Sharswood,1,NA,724101,Barbers,81211101,Barber Shops,1 to 4,Single Loc,4,NA,039.976817,-75.175876
Elite Cleaning Team LLC,2423 W Master St,19121,ELITE CLEANING TEAM LLC,Unverified,Sharswood,1,NA,734902,Janitor Service,56172001,Janitorial Services,1 to 4,Single Loc,4,NA,039.976817,-75.175876
Elt Schuylkill Fls Bldg Supl,1535 N 22nd St,19121,NA,Unverified,Sharswood,2,NA,521126,Building Materials,44411001,Home Centers,10 to 19,Single Loc,1,NA,039.978526,-75.171118
Embry Care Svc,1503 N 24th St,19121,NA,Unverified,Sharswood,1,NA,999977,Nonclassified Establishments,99999004,Unclassified Establishments,NA,Single Loc,2,NA,039.978409,-75.174535
Erizon,2101 N College Ave # H1,19121,NA,Unverified,Sharswood,2,NA,999977,Nonclassified Establishments,99999004,Unclassified Establishments,NA,Single Loc,2,NA,039.975227,-75.171211
Ernest & Son Inc,2311 W Jefferson St,19121,ERNEST & SON INC,Unverified,Sharswood,1,NA,999977,Nonclassified Establishments,99999004,Unclassified Establishments,NA,Single Loc,14,"1 - 1,499",039.977794,-75.172997
Esc VR LLC,2109 W Master St,19121,ESC VR LLC,Unverified,Sharswood,2,NA,999977,Nonclassified Establishments,99999004,Unclassified Establishments,NA,Single Loc,4,NA,039.976159,-75.170625
Evon's Tasty Treats,2212 Stewart St # D,19121,NA,Unverified,Sharswood,1,NA,999977,Nonclassified Establishments,99999004,Unclassified Establishments,NA,Single Loc,4,NA,039.977205,-75.172354
Exclusive Luxe Events LLC,1430 N 22nd St # A2,19121,EXCLUSIVE LUXE EVENTS LLC,Unverified,Sharswood,1,NA,738944,Events-Special,71131004,"Promoters Of Performing Arts, Sports, And Similar",1 to 4,Single Loc,4,NA,039.977255,-75.171633
Excote,2437 N College Ave,19121,NA,Unverified,Sharswood,2,NA,999977,Nonclassified Establishments,99999004,Unclassified Establishments,NA,Single Loc,2,NA,039.974530,-75.176879
Expedited Response Trnsprtn Co,2316 W Oxford St,19121,NA,Unverified,Sharswood,1,NA,478977,Transportation,48821008,Support Activities For Rail Transportation,1 to 4,Single Loc,4,NA,039.979144,-75.173135
Exquisite Engraving LLC,2217 W Seybert St,19121,EXQUISITE ENGRAVING LLC,Unverified,Sharswood,2,NA,999977,Nonclassified Establishments,99999004,Unclassified Establishments,NA,Single Loc,3,NA,039.975570,-75.172557
Exquisti LLC,1440 N 21st St,19121,EXQUISTI LLC,Unverified,Sharswood,2,NA,999977,Nonclassified Establishments,99999004,Unclassified Establishments,NA,Single Loc,4,NA,039.977053,-75.170042
Fair Estates LLC,2442 W Jefferson St,19121,FAIR ESTATES LLC,Unverified,Sharswood,1,NA,799919,Carnivals,71119002,Other Performing Arts Companies,1 to 4,Single Loc,4,NA,039.977985,-75.175989
Faith Tabernacle Church Of God,2433 W Master St,19121,FAITH TABERNACLE CHURCH OF GOD,Unverified,Sharswood,1,NA,866107,Churches,81311008,Religious Organizations,1 to 4,Single Loc,14,"1,500 - 2,499",039.976866,-75.176228
Fast Cash Inc,2012 Ridge Ave,19121,FAST CASH INC,Unverified,Sharswood,2,NA,609903,Check Cashing Service,52232003,"Financial Transactions Processing, Reserve, And Cl",1 to 4,Single Loc,18,"1,500 - 2,499",039.975600,-75.168701
First Step Acad Day Care,2100 Bolton St,19121,NA,Unverified,Sharswood,2,NA,835101,Child Care Service,62441003,Child Care Services,1 to 4,Single Loc,4,NA,039.978018,-75.170324
Flirt LLC,2431 W Master St,19121,FLIRT LLC,Unverified,Sharswood,1,NA,999977,Nonclassified Establishments,99999004,Unclassified Establishments,NA,Single Loc,6,"1 - 1,499",039.976858,-75.176156
Fluidedge Consulting,2221 W Master St,19121,NA,Unverified,Sharswood,1,NA,874264,Consulting Services,54161113,Administrative Management And General Management C,1 to 4,Single Loc,2,NA,039.976435,-75.172783
FMJ Electrical Contracting,2415 W Jefferson St,19121,NA,Unverified,Sharswood,1,NA,173101,Electric Contractors,23821007,Electrical Contractors And Other Wiring Installati,1 to 4,Single Loc,15,"1 - 1,499",039.978132,-75.1752
Food Love Simplicity LLC,2114 W Jefferson St,19121,FOOD LOVE SIMPLICITY LLC,Unverified,Sharswood,2,NA,581208,Restaurants,72251117,Full-Service Restaurants,5 to 9,Single Loc,4,NA,039.977239,-75.170478
Foothills Baptist Church,1205 N Taylor St,19121,NA,Unverified,Sharswood,2,NA,866107,Churches,81311008,Religious Organizations,1 to 4,Single Loc,2,NA,039.974828,-75.176309
Freedom Library Day School Inc,2064 Ridge Ave,19121,FREEDOM LIBRARY DAY SCHOOL INC,Unverified,Sharswood,2,NA,821103,Schools,61111007,Elementary And Secondary Schools,50 to 99,Single Loc,4,NA,039.977028,-75.169517
From D Inside Out LLC,2248 Stewart St,19121,FROM D INSIDE/OUT LLC,Unverified,Sharswood,1,NA,152139,Remodeling & Repairing Building Contractors,23611823,Residential Remodelers,1 to 4,Single Loc,12,"2,500 - 4,999",039.977250,-75.17268
Front Line Mechanical Inc,1410 N 23rd St,19121,FRONT LINE MECHANICAL INC,Unverified,Sharswood,1,NA,171114,Mechanical Contractors,23821038,Electrical Contractors And Other Wiring Installati,1 to 4,Single Loc,4,NA,039.976689,-75.173524
Fugetaboutit LLC,2430 W Jefferson St,19121,FUGETABOUTIT LLC,Unverified,Sharswood,1,NA,999977,Nonclassified Establishments,99999004,Unclassified Establishments,NA,Single Loc,4,NA,039.977942,-75.175673
FW Express LLC,1210 N 24th St,19121,FW EXPRESS LLC,Unverified,Sharswood,2,NA,999977,Nonclassified Establishments,99999004,Unclassified Establishments,NA,Single Loc,4,NA,039.975002,-75.175538
Gaza Variety,2058 Ridge Ave,19121,NA,Unverified,Sharswood,2,NA,533101,Variety Stores,45521903,All Other General Merchandise Retailers,1 to 4,Single Loc,4,NA,039.976910,-75.169451
GCL Communications,2307 N College Ave,19121,NA,Unverified,Sharswood,2,NA,738999,Business Services NEC,56199001,All Other Support Services,1 to 4,Single Loc,15,"1,500 - 2,499",039.974814,-75.174053
Gelat'Oh! Brick & Motor,1261 N 23rd St,19121,NA,Unverified,Sharswood,2,NA,506333,Electric Motors-Dlrs/Repairing (Whls),42361023,"Electrical Apparatus And Equipment, Wiring Supplie",1 to 4,Single Loc,6,"2,500 - 4,999",039.974921,-75.173565
Genius Elogistics LLC,1446 N 21st St,19121,GENIUS ELOGISTICS LLC,Unverified,Sharswood,2,NA,999977,Nonclassified Establishments,99999004,Unclassified Establishments,NA,Single Loc,4,NA,039.977077,-75.170038
George Woods Inc,2101 N College Ave,19121,GEORGE WOODS INC,Unverified,Sharswood,2,NA,999977,Nonclassified Establishments,99999004,Unclassified Establishments,NA,Single Loc,3,NA,039.975227,-75.171211
George's Inc,1524 N 23rd St,19121,GEORGE'S INC,Unverified,Sharswood,1,NA,999977,Nonclassified Establishments,99999004,Unclassified Establishments,NA,Single Loc,3,NA,039.979368,-75.17289
Get Busy Cleaning LLC,1416b N 22nd St,19121,GET BUSY CLEANING LLC,Unverified,Sharswood,1,NA,999977,Nonclassified Establishments,99999004,Unclassified Establishments,NA,Single Loc,3,NA,039.976675,-75.171912
Gift Of Helps Home Care Agency,2100 Ridge Ave # 3,19121,NA,Unverified,Sharswood,2,NA,808201,Home Health Service,62161001,Home Health Care Services,1 to 4,Single Loc,4,NA,039.977905,-75.170048
Girard College Alumni Assn,2101 S College Ave # 605,19121,NA,Unverified,Sharswood,3,NA,861102,Associations,81391002,Business Associations,1 to 4,Single Loc,33,"2,500 - 4,999",039.973010,-75.17087
Girard Court Apartments LP,2101 N College Ave # H2,19121,NA,Unverified,Sharswood,2,NA,651303,Apartments,53111002,Lessors Of Residential Buildings And Dwellings,1 to 4,Single Loc,37,"2,500 - 4,999",039.975227,-75.171211
Girard Estate Fee,2101 N College Ave # A6,19121,NA,Unverified,Sharswood,2,NA,999977,Nonclassified Establishments,99999004,Unclassified Establishments,NA,Single Loc,9,"1 - 1,499",039.975227,-75.171211
Global Citizen,2101 S College Ave,19121,NA,Unverified,Sharswood,3,NA,999977,Nonclassified Establishments,99999004,Unclassified Establishments,NA,Single Loc,2,NA,039.972736,-75.173275
Good Shepard Outreach Svc,1326 N 22nd St,19121,GOOD SHEPARD OUTREACH SVC,Unverified,Sharswood,2,NA,899999,Services NEC,54199009,"All Other Professional, Scientific, And Technical",1 to 4,Single Loc,4,NA,039.975966,-75.172079
Gorjess LLC,1326 N 22nd St,19121,GORJESS LLC,Unverified,Sharswood,2,NA,999977,Nonclassified Establishments,99999004,Unclassified Establishments,NA,Single Loc,4,NA,039.975966,-75.172079
Graham Enterprises,2400 W Jefferson St # 2,19121,GRAHAM'S ENTERPRISES INC,Unverified,Sharswood,1,NA,999977,Nonclassified Establishments,99999004,Unclassified Establishments,NA,Single Loc,15,"1 - 1,499",039.977844,-75.174868
Great Lakes Honda,2101 S College Ave,19121,NA,Unverified,Sharswood,3,NA,551102,Automobile Dealers-New Cars,44111001,New Car Dealers,10 to 19,Single Loc,3,NA,039.972736,-75.173275
Greater St Luke Child Care Svc,2124 W Oxford St,19121,NA,Unverified,Sharswood,2,NA,835101,Child Care Service,62441003,Child Care Services,1 to 4,Single Loc,4,NA,039.978584,-75.170911
Green & Green Logistics LLC,2117 Sharswood St,19121,GREEN & GREEN LOGISTICS LLC,Unverified,Sharswood,2,NA,999977,Nonclassified Establishments,99999004,Unclassified Establishments,NA,Single Loc,3,NA,039.976843,-75.170565
H & H Cleaning Svc,2225 N College Ave,19121,NA,Unverified,Sharswood,2,NA,734902,Janitor Service,56172001,Janitorial Services,1 to 4,Single Loc,4,NA,039.974888,-75.173047
Ha Ya Transportation LLC,1414c N 23rd St # C,19121,HA YA TRANSPORTATION LLC,Unverified,Sharswood,1,NA,478977,Transportation,48821008,Support Activities For Rail Transportation,1 to 4,Single Loc,4,NA,039.976833,-75.173395
Haber Group,1408 N 21st St,19121,NA,Unverified,Sharswood,2,NA,999977,Nonclassified Establishments,99999004,Unclassified Establishments,NA,Single Loc,2,NA,039.976282,-75.170339
Hamer Consulting LLC,2332 W Thompson St,19121,HAMER CONSULTING LLC,Unverified,Sharswood,2,NA,874899,Consultants-Business NEC,54161830,Other Management Consulting Services,1 to 4,Single Loc,4,NA,039.975079,-75.174668
Hamid Flips LLC,1329 N 21st St,19121,HAMID FLIPS LLC,Unverified,Sharswood,2,NA,999977,Nonclassified Establishments,99999004,Unclassified Establishments,NA,Single Loc,3,NA,039.975297,-75.170173
Hand Full Of Skills Cntrctng,2347 W Thompson St,19121,NA,Unverified,Sharswood,2,NA,179977,Contractors,23899018,All Other Specialty Trade Contractors,1 to 4,Single Loc,4,NA,039.975428,-75.175077
Hand In Hand Flowers,2101 S College Ave,19121,NA,Unverified,Sharswood,3,NA,599201,Florists-Retail,45931001,Florists,1 to 4,Single Loc,1,NA,039.972736,-75.173275
Handmade Picture,2225 N College Ave,19121,NA,Unverified,Sharswood,2,NA,781205,Motion Picture Producers & Studios,51211008,Motion Picture And Video Production,1 to 4,Single Loc,12,"1 - 1,499",039.974888,-75.173047
Happy Little Hearts Learning,2127 W Seybert St,19121,NA,Unverified,Sharswood,2,NA,835101,Child Care Service,62441003,Child Care Services,1 to 4,Single Loc,4,NA,039.975574,-75.171355
Heaven's Touch Cafe,2006 Ridge Ave,19121,NA,Unverified,Sharswood,2,NA,581208,Restaurants,72251117,Full-Service Restaurants,1 to 4,Single Loc,14,"1 - 1,499",039.975453,-75.168634
Helping Hand Cmnty Devmnt Corp,2124 W Oxford St,19121,HELPING HAND CMNTY DEVMNT CORP,Unverified,Sharswood,2,NA,999977,Nonclassified Establishments,99999004,Unclassified Establishments,NA,Single Loc,4,NA,039.978584,-75.170911
Herod's Estates LLC,2207 W Thompson St # C,19121,HEROD'S ESTATES LLC,Unverified,Sharswood,2,NA,999977,Nonclassified Establishments,99999004,Unclassified Establishments,NA,Single Loc,4,NA,039.975080,-75.172381
High Time Realty LLC,2435 W Master St # A,19121,HIGH TIME REALTY LLC,Unverified,Sharswood,1,NA,653118,Real Estate,53121003,Offices Of Real Estate Agents And Brokers,1 to 4,Single Loc,3,NA,039.976874,-75.176301
Holiday House Productions LLC,1218 N Ringgold St,19121,HOLIDAY HOUSE PRODUCTIONS LLC,Unverified,Sharswood,2,NA,999977,Nonclassified Establishments,99999004,Unclassified Establishments,NA,Single Loc,3,NA,039.975076,-75.176056
Holy Bethel Church,2400 W Master St,19121,HOLY BETHEL CHURCH,Unverified,Sharswood,2,NA,866107,Churches,81311008,Religious Organizations,1 to 4,Single Loc,42,"1,500 - 2,499",039.976453,-75.175183
Hope Baptist Church,2227 W Master St,19121,HOPE BAPTIST CHURCH OF PHILADELPHIA,Unverified,Sharswood,1,NA,866107,Churches,81311008,Religious Organizations,1 to 4,Single Loc,15,"1,500 - 2,499",039.976450,-75.172889
Hope Christian Academy,2222 W Master St,19121,NA,Unverified,Sharswood,2,NA,821103,Schools,61111007,Elementary And Secondary Schools,50 to 99,Single Loc,4,NA,039.976127,-75.172577
Hope Christian Tabernacle Chr,2222 W Master St,19121,HOPE CHRISTIAN TABERNACLE,Unverified,Sharswood,2,NA,866107,Churches,81311008,Religious Organizations,1 to 4,Single Loc,37,"1,500 - 2,499",039.976127,-75.172577
Hotel Lasalle Inc,2026 Ridge Ave,19121,HOTEL LASALLE INC,Unverified,Sharswood,2,NA,701101,Hotels & Motels,72111002,Hotels (Except Casino Hotels) And Motels,10 to 19,Single Loc,4,NA,039.976045,-75.16908
Hume Family Enterprises LLC,2403 W Master St,19121,HUME FAMILY ENTERPRISES LLC,Unverified,Sharswood,1,NA,999977,Nonclassified Establishments,99999004,Unclassified Establishments,NA,Single Loc,4,NA,039.976726,-75.175165
Humphreys-Barry Co,2431 W Jefferson St,19121,NA,Unverified,Sharswood,1,NA,999977,Nonclassified Establishments,99999004,Unclassified Establishments,NA,Single Loc,4,NA,039.978189,-75.175652
Hya'St Parties,2225 N College Ave,19121,NA,Unverified,Sharswood,2,NA,729989,Party Planning Service,81299057,All Other Personal Services,1 to 4,Single Loc,12,"1,500 - 2,499",039.974888,-75.173047
Iba,2428 W Thompson St,19121,NA,Unverified,Sharswood,2,NA,999977,Nonclassified Establishments,99999004,Unclassified Establishments,NA,Single Loc,3,NA,039.975299,-75.176573
Ichi Ramen LLC,2110 Ridge Ave,19121,ICHI RAMEN LLC,Unverified,Sharswood,2,NA,581208,Restaurants,72251117,Full-Service Restaurants,5 to 9,Single Loc,4,NA,039.978129,-75.170176
Imperial Events Security Svc,2445 Harlan St,19121,NA,Unverified,Sharswood,1,NA,999977,Nonclassified Establishments,99999004,Unclassified Establishments,NA,Single Loc,2,NA,039.977163,-75.176139
In God We Trust/USA Inc,2415 W Seybert St,19121,IN GOD WE TRUST/USA INC,Unverified,Sharswood,2,NA,866107,Churches,81311008,Religious Organizations,1 to 4,Single Loc,4,NA,039.976003,-75.175588
Isaac Mini Market II Inc Dba,2012 Ridge Ave,19121,NA,Unverified,Sharswood,2,NA,999977,Nonclassified Establishments,99999004,Unclassified Establishments,NA,Single Loc,4,NA,039.975600,-75.168701
Iw III Inc,2012 Ridge Ave,19121,IW III INC,Unverified,Sharswood,2,NA,999977,Nonclassified Establishments,99999004,Unclassified Establishments,NA,Single Loc,4,NA,039.975600,-75.168701
J B Cornell Co,2110 Ridge Ave,19121,NA,Unverified,Sharswood,2,NA,999977,Nonclassified Establishments,99999004,Unclassified Establishments,NA,Single Loc,4,NA,039.978129,-75.170176
JDCS Millennium LLC,2422 W Thompson St,19121,JDCS MILLENNIUM LLC,Unverified,Sharswood,2,NA,999977,Nonclassified Establishments,99999004,Unclassified Establishments,NA,Single Loc,1,NA,039.975287,-75.176194
Jehovah Jireh Ministries,2227 W Master St,19121,NA,Unverified,Sharswood,1,NA,866107,Churches,81311008,Religious Organizations,1 to 4,Single Loc,9,"1,500 - 2,499",039.976450,-75.172889
Jiwi Rental Assn Inc,2349 W Thompson St,19121,JIWI RENTAL ASSN INC,Unverified,Sharswood,2,NA,861102,Associations,81391002,Business Associations,1 to 4,Single Loc,4,NA,039.975434,-75.175135
JT Mills Restua Corp,2418 W Seybert St,19121,JT MILLS RESTUA CORP,Unverified,Sharswood,2,NA,999977,Nonclassified Establishments,99999004,Unclassified Establishments,NA,Single Loc,1,NA,039.975802,-75.175775
Judah Ministries,2450 W Jefferson St,19121,NA,Unverified,Sharswood,1,NA,866107,Churches,81311008,Religious Organizations,1 to 4,Single Loc,15,"1,500 - 2,499",039.978013,-75.176211
K & B Landscaping,2406 W Jefferson St,19121,K & B LANDSCAPING SVC INC,Unverified,Sharswood,1,NA,078204,Landscape Contractors,56173009,Landscaping Services,1 to 4,Single Loc,6,"1,500 - 2,499",039.977867,-75.175042
Keller Williams Real Estate,2417 Ingersoll St,19121,NA,Unverified,Sharswood,2,NA,653118,Real Estate,53121003,Offices Of Real Estate Agents And Brokers,5 to 9,Single Loc,5,NA,039.976332,-75.175585
Kendall Horizons LLC,2406 Sharswood St,19121,KENDALL HORIZONS LLC,Unverified,Sharswood,1,NA,999977,Nonclassified Establishments,99999004,Unclassified Establishments,NA,Single Loc,4,NA,039.977188,-75.17519
Kev Nyce Enterprise LLC,1430 N 22nd St # C,19121,KEV NYCE ENTERPRISE LLC,Unverified,Sharswood,1,NA,999977,Nonclassified Establishments,99999004,Unclassified Establishments,NA,Single Loc,4,NA,039.976663,-75.17178
Keystone Home Owners Co Inc,1404 N 21st St,19121,KEYSTONE HOME OWNERS CO INC,Unverified,Sharswood,2,NA,999977,Nonclassified Establishments,99999004,Unclassified Establishments,NA,Single Loc,4,NA,039.976186,-75.170359
Kids R Special Clubhouse Inc,2100 Bolton St,19121,KIDS R SPECIAL CLUBHOUSE INC,Unverified,Sharswood,2,NA,835101,Child Care Service,62441003,Child Care Services,5 to 9,Single Loc,15,"1,500 - 2,499",039.978018,-75.170324
Kindergarten Prep Academy,2120 W Jefferson St,19121,NA,Unverified,Sharswood,2,NA,821103,Schools,61111007,Elementary And Secondary Schools,50 to 99,Single Loc,4,NA,039.977289,-75.170654
King's Drug Store,2401 W Master St,19121,NA,Unverified,Sharswood,1,NA,591205,Pharmacies,45611009,Pharmacies And Drug Retailers,5 to 9,Single Loc,4,NA,039.976742,-75.175126
Kingdom Workers Outreach,1210 N 24th St,19121,KINGDOM WORKERS OUTREACH DELIVERANCE EVANGELISTIC MINISTRIES INC,Unverified,Sharswood,2,NA,866110,Religious Organizations,81311021,Religious Organizations,1 to 4,Single Loc,12,"2,500 - 4,999",039.975002,-75.175538
Knots N-Tangles,2004 Ridge Ave,19121,NA,Unverified,Sharswood,2,NA,999977,Nonclassified Establishments,99999004,Unclassified Establishments,NA,Single Loc,4,NA,039.975410,-75.168605
L & T Infotech,2347 N College Ave,19121,NA,Unverified,Sharswood,2,NA,999977,Nonclassified Establishments,99999004,Unclassified Establishments,NA,Single Loc,3,NA,039.974715,-75.175151
La'Chanel LLC,2033 W Master St,19121,LA'CHANEL LLC,Unverified,Sharswood,2,NA,999977,Nonclassified Establishments,99999004,Unclassified Establishments,NA,Single Loc,4,NA,039.976021,-75.169532
Lab,2205 W Thompson St,19121,NA,Unverified,Sharswood,2,NA,873104,Laboratories,54171414,Research And Development In Biotechnology (Except,10 to 19,Single Loc,7,"40,000 - 99,999",039.975074,-75.172324
Ladystayed Home Care,1415 N 21st St,19121,NA,Unverified,Sharswood,2,NA,808201,Home Health Service,62161001,Home Health Care Services,5 to 9,Single Loc,4,NA,039.976361,-75.169932
Lavender Curves LTD,1202 N Ringgold St,19121,NA,Unverified,Sharswood,2,NA,799101,Health Clubs Studios & Gymnasiums,71394011,Fitness And Recreational Sports Centers,1 to 4,Single Loc,4,NA,039.974771,-75.176116
Lena Delux Delivery Svc LLC,2232d Stewart St,19121,LENA DELUX DELIVERY SVC LLC,Unverified,Sharswood,1,NA,421205,Delivery Service,48411004,"General Freight Trucking, Local",1 to 4,Single Loc,3,NA,039.977230,-75.172535
Leonard's Place LLC,2127 W Jefferson St,19121,LEONARD'S PLACE LLC,Unverified,Sharswood,2,NA,999977,Nonclassified Establishments,99999004,Unclassified Establishments,NA,Single Loc,4,NA,039.977599,-75.170855
Lescheuvux,2004 Ridge Ave,19121,NA,Unverified,Sharswood,2,NA,723106,Beauty Salons,81211202,Beauty Salons,1 to 4,Single Loc,14,"1 - 1,499",039.975410,-75.168605
Li Tayyibat LLC,2438 W Seybert St,19121,LI TAYYIBAT LLC,Unverified,Sharswood,2,NA,999977,Nonclassified Establishments,99999004,Unclassified Establishments,NA,Single Loc,4,NA,039.975869,-75.176259
Liberty Bell Cleaning LLC,2405 N College Ave,19121,LIBERTY BELL CLEANING LLC,Unverified,Sharswood,2,NA,734902,Janitor Service,56172001,Janitorial Services,1 to 4,Single Loc,4,NA,039.974526,-75.175649
License Consultants,2439 N College Ave,19121,NA,Unverified,Sharswood,2,NA,874899,Consultants-Business NEC,54161830,Other Management Consulting Services,1 to 4,Single Loc,6,"1,500 - 2,499",039.974511,-75.17695
Life Soul Entertainment Inc,1434 N 24th St,19121,LIFE SOUL ENTERTAINMENT INC,Unverified,Sharswood,1,NA,792905,Entertainment Bureaus,71119007,Other Performing Arts Companies,1 to 4,Single Loc,4,NA,039.977562,-75.174993
Limitless Building Inc,2109 W Seybert St,19121,LIMITLESS BUILDING INC,Unverified,Sharswood,2,NA,999977,Nonclassified Establishments,99999004,Unclassified Establishments,NA,Single Loc,3,NA,039.975622,-75.170835
Linley Equities LLC,2101 N College Ave,19121,LINLEY EQUITIES LLC,Unverified,Sharswood,2,NA,999977,Nonclassified Establishments,99999004,Unclassified Establishments,NA,Single Loc,4,NA,039.975227,-75.171211
Liquor Control Board,2100 Ridge Ave,19121,NA,Unverified,Sharswood,2,NA,592102,Liquors-Retail,44532004,"Beer, Wine, And Liquor Retailers",1 to 4,Single Loc,15,"1,500 - 2,499",039.977905,-75.170048
Loney Engineering & Consltng,2037 N College Ave # C,19121,NA,Unverified,Sharswood,2,NA,871106,Engineers,54133006,Engineering Services,1 to 4,Single Loc,1,NA,039.975170,-75.1698
Longest Run Clothing Co,2132 W Jefferson St,19121,LONGEST RUN CLOTHING CO,Unverified,Sharswood,2,NA,565101,Clothing-Retail,45811041,Clothing And Clothing Accessories Retailers,1 to 4,Single Loc,3,NA,039.977328,-75.170963
Lookaway Golf Club,2110 W Jefferson St,19121,NA,Unverified,Sharswood,2,NA,799201,Golf Courses,71391002,Golf Courses And Country Clubs,20 to 49,Single Loc,3,NA,039.977242,-75.170371
Lovable Care Bears Day Care,1265 N 23rd St,19121,NA,Unverified,Sharswood,2,NA,835101,Child Care Service,62441003,Child Care Services,1 to 4,Single Loc,4,NA,039.974999,-75.173548
Loveyourselfbeyondlimits LLC,2221 W Master St # F,19121,LOVEYOURSELFBEYONDLIMITS LLC,Unverified,Sharswood,1,NA,999977,Nonclassified Establishments,99999004,Unclassified Establishments,NA,Single Loc,4,NA,039.976435,-75.172783
Luciano & Assoc LLC,2205 W Thompson St,19121,LUCIANO & ASSOC LLC,Unverified,Sharswood,2,NA,653108,Real Estate Management,53121005,Offices Of Real Estate Agents And Brokers,1 to 4,Single Loc,11,NA,039.975074,-75.172324
Lucky Furniture Inc,2108 Ridge Ave,19121,LUCKY FURNITURE INC,Unverified,Sharswood,2,NA,571216,Furniture-Dealers-Retail,44911012,Furniture Retailers,1 to 4,Single Loc,4,NA,039.978094,-75.170138
Luxuries By Elizabeth LLC,2101 N College Ave # G7,19121,LUXURIES BY ELIZABETH LLC,Unverified,Sharswood,2,NA,999977,Nonclassified Establishments,99999004,Unclassified Establishments,NA,Single Loc,4,NA,039.975227,-75.171211
Lyriq's Closet LLC,2128 W Jefferson St,19121,LYRIQ'S CLOSET LLC,Unverified,Sharswood,2,NA,565101,Clothing-Retail,45811041,Clothing And Clothing Accessories Retailers,1 to 4,Single Loc,4,NA,039.977316,-75.170866
Marlayhas Hair & Skincare,2212 Stewart St,19121,MARLAYHAS HAIR & SKINCARE,Unverified,Sharswood,1,NA,723106,Beauty Salons,81211202,Beauty Salons,1 to 4,Single Loc,3,NA,039.977205,-75.172354
Master Construction Co,2230 W Master St,19121,NA,Unverified,Sharswood,2,NA,152144,Construction Companies,23611512,New Single-Family Housing Construction (Except For,1 to 4,Single Loc,4,NA,039.976139,-75.172808
Master Rebuilders Inc,2027 W Master St # 1,19121,MASTER REBUILDERS INC,Unverified,Sharswood,2,NA,999977,Nonclassified Establishments,99999004,Unclassified Establishments,NA,Single Loc,4,NA,039.976008,-75.169365
Mathes Electric Supply,2341 W Thompson St,19121,NA,Unverified,Sharswood,2,NA,999977,Nonclassified Establishments,99999004,Unclassified Establishments,NA,Single Loc,2,NA,039.975403,-75.17491
Mature Mentoring,2444 W Jefferson St,19121,NA,Unverified,Sharswood,1,NA,999977,Nonclassified Establishments,99999004,Unclassified Establishments,NA,Single Loc,4,NA,039.977992,-75.176041
"Mckain, E",2019 W Jefferson St,19121,NA,Unverified,Sharswood,2,NA,726103,Funeral Directors,81221002,Funeral Homes And Funeral Services,1 to 4,Single Loc,14,"1,500 - 2,499",039.977361,-75.16887
Mckendricks Munchies LLC,2130 W Master St,19121,MCKENDRICKS MUNCHIES LLC,Unverified,Sharswood,2,NA,999977,Nonclassified Establishments,99999004,Unclassified Establishments,NA,Single Loc,4,NA,039.975943,-75.171221
Mcnaircreative Branding-Comm,2101 S College Ave,19121,NA,Unverified,Sharswood,3,NA,489903,Communications,51781001,All Other Telecommunications,1 to 4,Single Loc,8,"2,500 - 4,999",039.972736,-75.173275
MCS Group Inc/Montgomery,2431 Sharswood St,19121,NA,Unverified,Sharswood,1,NA,999977,Nonclassified Establishments,99999004,Unclassified Establishments,NA,Single Loc,1,NA,039.977487,-75.17576
Medical Receptionist Ntwrk LLC,2343 N College Ave,19121,MEDICAL RECEPTIONIST NTWRK LLC,Unverified,Sharswood,2,NA,999977,Nonclassified Establishments,99999004,Unclassified Establishments,NA,Single Loc,5,NA,039.974725,-75.17504
Melvin & Melvin Contracting,2017 N College Ave,19121,NA,Unverified,Sharswood,2,NA,999977,Nonclassified Establishments,99999004,Unclassified Establishments,NA,Single Loc,1,NA,039.975357,-75.169019
Messiah Bible Missions,2418 W Seybert St,19121,NA,Unverified,Sharswood,2,NA,866107,Churches,81311008,Religious Organizations,1 to 4,Single Loc,4,NA,039.975802,-75.175775
Mex Gastronomica LLC,2242 W Seybert St,19121,MEX GASTRONOMICA LLC,Unverified,Sharswood,2,NA,999977,Nonclassified Establishments,99999004,Unclassified Establishments,NA,Single Loc,4,NA,039.975437,-75.173237
Miarott Crafts LLC,2108 W Master St,19121,MIAROTT CRAFTS LLC,Unverified,Sharswood,2,NA,594520,Crafts,45912012,"Hobby, Toy, And Game Retailers",1 to 4,Single Loc,4,NA,039.975881,-75.170591
Michael Queen Contracting LLC,2330 W Seybert St,19121,MICHAEL QUEEN CONTRACTING LLC,Unverified,Sharswood,2,NA,999977,Nonclassified Establishments,99999004,Unclassified Establishments,NA,Single Loc,3,NA,039.975605,-75.174507
Miller Rothlein,2101 S College Ave,19121,NA,Unverified,Sharswood,3,NA,999977,Nonclassified Establishments,99999004,Unclassified Establishments,NA,Single Loc,12,"1 - 1,499",039.972736,-75.173275
Milley Meals LLC,2405 W Jefferson St,19121,MILLEY MEALS LLC,Unverified,Sharswood,1,NA,999977,Nonclassified Establishments,99999004,Unclassified Establishments,NA,Single Loc,4,NA,039.978181,-75.174898
Miracle Revival Deliverance,2072 Ridge Ave,19121,NA,Unverified,Sharswood,2,NA,866107,Churches,81311008,Religious Organizations,1 to 4,Single Loc,4,NA,039.977394,-75.169677
Miro Dance Theatre,2101 S College Ave,19121,NA,Unverified,Sharswood,3,NA,791101,Dancing Instruction,61161011,Fine Arts Schools,1 to 4,Single Loc,5,NA,039.972736,-75.173275
Modern Konvention LLC,2111 W Jefferson St,19121,MODERN KONVENTION LLC,Unverified,Sharswood,2,NA,999977,Nonclassified Establishments,99999004,Unclassified Establishments,NA,Single Loc,4,NA,039.977582,-75.170293
Molly's World LLC,2105 W Jefferson St,19121,MOLLY'S WORLD LLC,Unverified,Sharswood,2,NA,999977,Nonclassified Establishments,99999004,Unclassified Establishments,NA,Single Loc,4,NA,039.977512,-75.170163
Moore Treats 4 U LLC,2300 W Master St,19121,MOORE TREATS 4 U LLC,Unverified,Sharswood,2,NA,999977,Nonclassified Establishments,99999004,Unclassified Establishments,NA,Single Loc,2,NA,039.976239,-75.174217
Motef Co,2216 W Oxford St,19121,MOTEF CO,Unverified,Sharswood,1,NA,999977,Nonclassified Establishments,99999004,Unclassified Establishments,NA,Single Loc,3,NA,039.978967,-75.17171
MPL Corp,2101 S College Ave,19121,MPL CORP,Unverified,Sharswood,3,NA,999977,Nonclassified Establishments,99999004,Unclassified Establishments,NA,Single Loc,3,NA,039.972736,-75.173275
Mt Calvary Apostolic Chr-God,2450 W Jefferson St,19121,NA,Unverified,Sharswood,1,NA,866107,Churches,81311008,Religious Organizations,1 to 4,Single Loc,4,NA,039.978013,-75.176211
Mt Tabor AME Church,2222 W Master St,19121,NA,Unverified,Sharswood,2,NA,866107,Churches,81311008,Religious Organizations,1 to 4,Single Loc,42,"1,500 - 2,499",039.976127,-75.172577
Muchiez LLC,2413 Sharswood St,19121,MUCHIEZ LLC,Unverified,Sharswood,1,NA,999977,Nonclassified Establishments,99999004,Unclassified Establishments,NA,Single Loc,4,NA,039.977436,-75.175314
Muse By Miraye LLC,2341 W Thompson St,19121,MUSE BY MIRAYE LLC,Unverified,Sharswood,2,NA,999977,Nonclassified Establishments,99999004,Unclassified Establishments,NA,Single Loc,3,NA,039.975403,-75.17491
My Lawn Irrigation Lighting,2221 W Master St # A2,19121,NA,Unverified,Sharswood,1,NA,999977,Nonclassified Establishments,99999004,Unclassified Establishments,NA,Single Loc,2,NA,039.976435,-75.172783
My Sister's Journey LLC,2343 N College Ave # 1,19121,MY SISTER'S JOURNEY LLC,Unverified,Sharswood,2,NA,999977,Nonclassified Establishments,99999004,Unclassified Establishments,NA,Single Loc,4,NA,039.974725,-75.17504
My Turn 2 Learn Daycare Ctr,2101 S College Ave,19121,NA,Unverified,Sharswood,3,NA,835101,Child Care Service,62441003,Child Care Services,1 to 4,Single Loc,14,"1,500 - 2,499",039.972736,-75.173275
Myoswego,1501 N 24th St,19121,NA,Unverified,Sharswood,1,NA,999977,Nonclassified Establishments,99999004,Unclassified Establishments,NA,Single Loc,2,NA,039.978044,-75.174278
N & F General Contractor Inc,2026 Ridge Ave,19121,N & F GENERAL CONTRACTOR INC,Unverified,Sharswood,2,NA,152103,General Contractors,23611505,New Single-Family Housing Construction (Except For,1 to 4,Single Loc,13,"1,500 - 2,499",039.976045,-75.16908
Nanbrowri Music Co,2035 N College Ave,19121,NA,Unverified,Sharswood,2,NA,999977,Nonclassified Establishments,99999004,Unclassified Establishments,NA,Single Loc,4,NA,039.975262,-75.16975
Nash Dog Walking,2427 W Master St,19121,NA,Unverified,Sharswood,1,NA,729938,Pet Exercising Service,81299047,All Other Personal Services,1 to 4,Single Loc,7,"1 - 1,499",039.976842,-75.176016
National Steel Corp,2337 N College Ave,19121,NATIONAL STEEL CORP,Unverified,Sharswood,2,NA,999977,Nonclassified Establishments,99999004,Unclassified Establishments,NA,Single Loc,2,NA,039.974740,-75.174867
Nationwide Auditors LLC,2430 W Jefferson St,19121,NATIONWIDE AUDITORS LLC,Unverified,Sharswood,1,NA,999977,Nonclassified Establishments,99999004,Unclassified Establishments,NA,Single Loc,3,NA,039.977942,-75.175673
Neane's Sweet Treats LLC,2300 W Master St # 3-315,19121,NEANE'S SWEET TREATS LLC,Unverified,Sharswood,2,NA,999977,Nonclassified Establishments,99999004,Unclassified Establishments,NA,Single Loc,2,NA,039.976239,-75.174217
Ned Ventures LLC,2331 W Thompson St,19121,NED VENTURES LLC,Unverified,Sharswood,2,NA,999977,Nonclassified Establishments,99999004,Unclassified Establishments,NA,Single Loc,4,NA,039.975370,-75.174628
New Cumberland Public Library,2300 W Jefferson St,19121,NA,Unverified,Sharswood,1,NA,823106,Libraries-Public,51921006,Libraries And Archives,5 to 9,Single Loc,1,NA,039.977677,-75.174164
New Era Seminary,2220 W Master St,19121,NA,Unverified,Sharswood,2,NA,866107,Churches,81311008,Religious Organizations,1 to 4,Single Loc,4,NA,039.976134,-75.17263
New Hope Bible Deliverance Chr,2421 Sharswood St,19121,NA,Unverified,Sharswood,1,NA,866107,Churches,81311008,Religious Organizations,1 to 4,Single Loc,4,NA,039.977457,-75.17551
New Meridian Arts,2410 W Jefferson St,19121,NA,Unverified,Sharswood,1,NA,841202,Arts Organizations & Information,71211004,Museums,1 to 4,Single Loc,1,NA,039.977880,-75.175149
NF Contractors,2024 Ridge Ave,19121,NA,Unverified,Sharswood,2,NA,152103,General Contractors,23611505,New Single-Family Housing Construction (Except For,1 to 4,Single Loc,7,"1,500 - 2,499",039.976016,-75.169021
Nha Development LLC,2429 W Thompson St,19121,NHA DEVELOPMENT LLC,Unverified,Sharswood,2,NA,999977,Nonclassified Establishments,99999004,Unclassified Establishments,NA,Single Loc,5,NA,039.975588,-75.176295
Nolettingup LLC,2411 N College Ave,19121,NOLETTINGUP LLC,Unverified,Sharswood,2,NA,999977,Nonclassified Establishments,99999004,Unclassified Establishments,NA,Single Loc,4,NA,039.974644,-75.175879
North Phila Districts 195-181,2445 Sharswood St,19121,NA,Unverified,Sharswood,1,NA,999977,Nonclassified Establishments,99999004,Unclassified Establishments,NA,Single Loc,4,NA,039.977529,-75.176106
Nova Energy,1204 N Ringgold St,19121,NA,Unverified,Sharswood,2,NA,999977,Nonclassified Establishments,99999004,Unclassified Establishments,NA,Single Loc,2,NA,039.974806,-75.176108
Nova Investments LLC,2343 N College Ave,19121,NOVA INVESTMENT LLC,Unverified,Sharswood,2,NA,621111,Investments,52391001,Miscellaneous Intermediation,1 to 4,Single Loc,7,"5,000 - 9,999",039.974725,-75.17504
Nubi Management LLC,2440 W Jefferson St,19121,NUBI MANAGEMENT LLC,Unverified,Sharswood,1,NA,999977,Nonclassified Establishments,99999004,Unclassified Establishments,NA,Single Loc,4,NA,039.977968,-75.175938
Nurse101 LLC,2019 N College Ave # 2,19121,NURSE101 LLC,Unverified,Sharswood,2,NA,999977,Nonclassified Establishments,99999004,Unclassified Establishments,NA,Single Loc,3,NA,039.975352,-75.169073
Nustar Service CDC Inc,2435 W Thompson St,19121,NUSTAR SVC CDC INC,Unverified,Sharswood,2,NA,999977,Nonclassified Establishments,99999004,Unclassified Establishments,NA,Single Loc,3,NA,039.975584,-75.176465
Official Shades Of Brown LLC,2105 W Jefferson St,19121,OFFICIAL SHADES OF BROWN LLC,Unverified,Sharswood,2,NA,999977,Nonclassified Establishments,99999004,Unclassified Establishments,NA,Single Loc,3,NA,039.977512,-75.170163
Ona Service LLC,2111 W Master St # A,19121,ONA SERVICE LLC,Unverified,Sharswood,2,NA,899999,Services NEC,54199009,"All Other Professional, Scientific, And Technical",1 to 4,Single Loc,4,NA,039.976165,-75.170686
Opulence Acquisitions LLC,1209 N Ringgold St,19121,OPULENCE ACQUISITIONS LLC,Unverified,Sharswood,2,NA,628207,Mergers & Acquisitions,52394013,Portfolio Management And Investment Advice,5 to 9,Single Loc,4,NA,039.974966,-75.175809
Out N The Wash Cleaning Svc,2130 W Master St,19121,NA,Unverified,Sharswood,2,NA,734902,Janitor Service,56172001,Janitorial Services,1 to 4,Single Loc,4,NA,039.975943,-75.171221
Oyvey Investments LLC,2430 W Jefferson St,19121,OYVEY INVESTMENTS LLC,Unverified,Sharswood,1,NA,621111,Investments,52391001,Miscellaneous Intermediation,1 to 4,Single Loc,4,NA,039.977942,-75.175673
Pai International Ent LLC,2207 W Thompson St,19121,PAI INTERNATIONAL ENT LLC,Unverified,Sharswood,2,NA,999977,Nonclassified Establishments,99999004,Unclassified Establishments,NA,Single Loc,4,NA,039.975080,-75.172381
Pappa Stopper Step In Lounge,2448 W Master St,19121,NA,Unverified,Sharswood,2,NA,581303,Cocktail Lounges,72241003,Drinking Places (Alcoholic Beverages),1 to 4,Single Loc,4,NA,039.976679,-75.176478
Parkway 2 LLC,2430 W Jefferson St,19121,PARKWAY 2 LLC,Unverified,Sharswood,1,NA,999977,Nonclassified Establishments,99999004,Unclassified Establishments,NA,Single Loc,4,NA,039.977942,-75.175673
Pate's Barber & TV Shop,2412 W Thompson St,19121,NA,Unverified,Sharswood,2,NA,724101,Barbers,81211101,Barber Shops,1 to 4,Single Loc,42,"1 - 1,499",039.975234,-75.175799
Peacetown Commons Land Trust,2226 W Jefferson St,19121,PEACETOWN COMMONS LAND TRUST,Unverified,Sharswood,1,NA,999977,Nonclassified Establishments,99999004,Unclassified Establishments,NA,Single Loc,3,NA,039.977660,-75.1729
Penger's,2110 Ridge Ave,19121,PENGERS,Unverified,Sharswood,2,NA,641112,Insurance,52421001,Insurance Agencies And Brokerages,1 to 4,Single Loc,12,"1,500 - 2,499",039.978129,-75.170176
Pennsylvania State Police,2100 Ridge Ave,19121,NA,Unverified,Sharswood,2,NA,922102,State Government-Police,92212005,Police Protection,50 to 99,Single Loc,5,NA,039.977905,-75.170048
Peoples Neighborhood Housing,1410 N 21st St,19121,NA,Unverified,Sharswood,2,NA,999977,Nonclassified Establishments,99999004,Unclassified Establishments,NA,Single Loc,4,NA,039.976331,-75.17033
Pete's Pizza Inc,2036 Ridge Ave,19121,PETE'S PIZZA INC,Unverified,Sharswood,2,NA,581208,Restaurants,72251117,Full-Service Restaurants,1 to 4,Single Loc,6,"1 - 1,499",039.976308,-75.169162
Petrus & Petrus Builders,2316 W Seybert St,19121,NA,Unverified,Sharswood,2,NA,154213,Building Contractors,23622005,Commercial And Institutional Building Construction,1 to 4,Single Loc,4,NA,039.975556,-75.174163
Pfizer,2238 W Oxford St # A,19121,NA,Unverified,Sharswood,1,NA,999977,Nonclassified Establishments,99999004,Unclassified Establishments,NA,Single Loc,2,NA,039.979047,-75.172388
Philadelphia Certified Group,2035 N College Ave,19121,NA,Unverified,Sharswood,2,NA,999977,Nonclassified Establishments,99999004,Unclassified Establishments,NA,Single Loc,1,NA,039.975262,-75.16975
Philadelphia District Office,1425 N 23rd St,19121,NA,Unverified,Sharswood,1,NA,999977,Nonclassified Establishments,99999004,Unclassified Establishments,NA,Single Loc,14,"1 - 1,499",039.977098,-75.173184
Philadelphia Housing Authority,2311 W Jefferson St,19121,NA,Unverified,Sharswood,1,NA,912104,Government Offices-City/Village & Twp,92112006,Legislative Bodies,1 to 4,Single Loc,25,"10,000 - 19,999",039.977794,-75.172997
Philadelphia Traveler's,2100 Ridge Ave,19121,NA,Unverified,Sharswood,2,NA,864108,Clubs,81341004,Civic And Social Organizations,20 to 49,Single Loc,4,NA,039.977905,-75.170048
Philly Fsbo LLC,2431 W Jefferson St,19121,PHILLY FSBO LLC,Unverified,Sharswood,1,NA,999977,Nonclassified Establishments,99999004,Unclassified Establishments,NA,Single Loc,3,NA,039.978189,-75.175652
Philly Proper LLC,2207 W Thompson St,19121,PHILLY PROPER LLC,Unverified,Sharswood,2,NA,999977,Nonclassified Establishments,99999004,Unclassified Establishments,NA,Single Loc,3,NA,039.975080,-75.172381
PHILLYBIKEADS.COM,2339 W Thompson St # A,19121,NA,Unverified,Sharswood,2,NA,731917,Advertising-Computer,54189002,Other Services Related To Advertising,1 to 4,Single Loc,4,NA,039.975396,-75.174854
"Pinckney, Laval",2101 S College Ave,19121,NA,Unverified,Sharswood,3,NA,832282,Counselors,62419036,Other Individual And Family Services,1 to 4,Single Loc,11,"1,500 - 2,499",039.972736,-75.173275
PNC Advisors,2101 S College Ave,19121,NA,Unverified,Sharswood,3,NA,999977,Nonclassified Establishments,99999004,Unclassified Establishments,NA,Single Loc,1,NA,039.972736,-75.173275
Power Direct Media LLC,2339 W Thompson St # A,19121,POWER DIRECT MEDIA LLC,Unverified,Sharswood,2,NA,999977,Nonclassified Establishments,99999004,Unclassified Establishments,NA,Single Loc,4,NA,039.975396,-75.174854
Powercorpsphl,2300 W Master St # 121,19121,NA,Unverified,Sharswood,2,NA,999977,Nonclassified Establishments,99999004,Unclassified Establishments,NA,Single Loc,1,NA,039.976239,-75.174217
Pride Of Israel 70,2207 W Thompson St # 3,19121,NA,Unverified,Sharswood,2,NA,999977,Nonclassified Establishments,99999004,Unclassified Establishments,NA,Single Loc,3,NA,039.974980,-75.17244
Princess Properties LLC,1326 N 22nd St,19121,PRINCESS PROPERTIES LLC,Unverified,Sharswood,2,NA,653118,Real Estate,53121003,Offices Of Real Estate Agents And Brokers,1 to 4,Single Loc,4,NA,039.975966,-75.172079
Problem Solvers Pest Control,2209 Bolton St,19121,NA,Unverified,Sharswood,1,NA,734201,Pest Control,56171009,Exterminating And Pest Control Services,1 to 4,Single Loc,14,"1 - 1,499",039.978374,-75.171807
Ramadan's Oasis Barbershop,2062 Ridge Ave,19121,NA,Unverified,Sharswood,2,NA,724101,Barbers,81211101,Barber Shops,1 to 4,Single Loc,4,NA,039.976991,-75.169494
Ray Cab Co,2419 W Master St,19121,NA,Unverified,Sharswood,1,NA,412101,Taxicabs & Transportation Service,48531002,Taxi And Ridesharing Services,1 to 4,Single Loc,4,NA,039.976794,-75.175734
Ray's Reusables LLC,2400 W Thompson St # B,19121,RAY'S REUSABLES LLC,Unverified,Sharswood,2,NA,999977,Nonclassified Establishments,99999004,Unclassified Establishments,NA,Single Loc,4,NA,039.975187,-75.175435
Red Star Advisors LLC,2437 Sharswood St,19121,RED STAR ADVISORS LLC,Unverified,Sharswood,1,NA,874899,Consultants-Business NEC,54161830,Other Management Consulting Services,1 to 4,Single Loc,4,NA,039.977505,-75.175908
Relax Unlimited Ministries,2341 N College Ave,19121,NA,Unverified,Sharswood,2,NA,866107,Churches,81311008,Religious Organizations,1 to 4,Single Loc,4,NA,039.974730,-75.174981
Retail Manager,2101 N College Ave,19121,NA,Unverified,Sharswood,2,NA,999977,Nonclassified Establishments,99999004,Unclassified Establishments,NA,Single Loc,2,NA,039.975227,-75.171211
Rev Green Ministries,2101 S College Ave,19121,NA,Unverified,Sharswood,3,NA,866110,Religious Organizations,81311021,Religious Organizations,1 to 4,Single Loc,4,NA,039.972736,-75.173275
Reynolds School,1429 N 24th St,19121,NA,Unverified,Sharswood,1,"General John F. Reynolds School Is A Learning Center That Offers Educational And Enrichment Programs To Students IN Kindergarten Through Grade Eight. Its Facilities Include A Library Media Center, Cafeteria, Sports Field, Gymnasium, Auditorium, Parent Resource Center, Computer And Science Laboratories, Administrative Offices, And Art And Music Rooms. General John F. Reynolds School Is A Part Of The School District Of Philadelphia, Which Is One Of The Largest School Systems IN The United States. The District Operates More Than 270 Educational Institutions And Serves Over 178,000 Students. General John F. Reynolds School Has An Annual Enrollment Of Approximately 450 Students And Is Located IN Philadelphia.",821103,Schools,61111007,Elementary And Secondary Schools,50 to 99,Single Loc,38,"100,000+",039.977314,-75.174765
Rhi Magnesita,2123 W Seybert St,19121,NA,Unverified,Sharswood,2,NA,999977,Nonclassified Establishments,99999004,Unclassified Establishments,NA,Single Loc,3,NA,039.975583,-75.171241
Ridge Delite,2062 Ridge Ave,19121,RIDGE DELIGHT LLC,Unverified,Sharswood,2,NA,581208,Restaurants,72251117,Full-Service Restaurants,1 to 4,Single Loc,11,"1 - 1,499",039.976991,-75.169494
Ridge Home Furniture Inc,2050 Ridge Ave # 51,19121,RIDGE HOME FURNITURE INC,Unverified,Sharswood,2,NA,571216,Furniture-Dealers-Retail,44911012,Furniture Retailers,1 to 4,Single Loc,2,NA,039.976741,-75.169369
Rite Aid,2137 W Jefferson St,19121,NA,Unverified,Sharswood,2,NA,591205,Pharmacies,45611009,Pharmacies And Drug Retailers,5 to 9,Single Loc,5,NA,039.977622,-75.171055
Robichaw-Meadows GROUP LLC,2423 W Jefferson St,19121,ROBICHAW-MEADOWS GROUP LLC,Unverified,Sharswood,1,NA,999977,Nonclassified Establishments,99999004,Unclassified Establishments,NA,Single Loc,4,NA,039.978160,-75.175423
Robin Strong LLC,2138 W Jefferson St,19121,ROBIN STRONG LLC,Unverified,Sharswood,2,NA,999977,Nonclassified Establishments,99999004,Unclassified Establishments,NA,Single Loc,3,NA,039.977348,-75.171123
Rodgers Construction,2311 W Jefferson St,19121,NA,Unverified,Sharswood,1,NA,152144,Construction Companies,23611512,New Single-Family Housing Construction (Except For,1 to 4,Single Loc,14,"1 - 1,499",039.977794,-75.172997
Rodriguez Grocery A,2438 W Thompson St,19121,NA,Unverified,Sharswood,2,NA,541105,Grocers-Retail,44511003,Supermarkets And Other Grocery Retailers (Except C,20 to 49,Single Loc,4,NA,039.975355,-75.176786
Rubin Realty 2310 LLC,2207 W Thompson St # 3,19121,RUBIN REALTY 2310 LLC,Unverified,Sharswood,2,NA,653118,Real Estate,53121003,Offices Of Real Estate Agents And Brokers,1 to 4,Single Loc,4,NA,039.974980,-75.17244
Sabic,2337 N College Ave,19121,NA,Unverified,Sharswood,2,NA,999977,Nonclassified Establishments,99999004,Unclassified Establishments,NA,Single Loc,1,NA,039.974740,-75.174867
Sagebeard Limited,2420 W Thompson St,19121,NA,Unverified,Sharswood,2,NA,999977,Nonclassified Establishments,99999004,Unclassified Establishments,NA,Single Loc,4,NA,039.975279,-75.176136
Scape The Land,2111 W Master St # A,19121,NA,Unverified,Sharswood,2,NA,999977,Nonclassified Establishments,99999004,Unclassified Establishments,NA,Single Loc,4,NA,039.976165,-75.170686
School District-Philadelphia,1429 N 24th St,19121,NA,Unverified,Sharswood,1,NA,821120,School Districts,61111018,Elementary And Secondary Schools,10 to 19,Single Loc,6,"10,000 - 19,999",039.977314,-75.174765
School District-Philadelphia,2300 W Master St # 1,19121,NA,Unverified,Sharswood,2,NA,821120,School Districts,61111018,Elementary And Secondary Schools,5 to 9,Single Loc,9,"10,000 - 19,999",039.976239,-75.174217
Secure Holdings,2439 N College Ave,19121,NA,Unverified,Sharswood,2,NA,653118,Real Estate,53121003,Offices Of Real Estate Agents And Brokers,1 to 4,Single Loc,11,"2,500 - 4,999",039.974511,-75.17695
Sell My House Philadelphia LLC,2431 W Jefferson St,19121,SELL MY HOUSE PHILADELPHIA LLC,Unverified,Sharswood,1,NA,999977,Nonclassified Establishments,99999004,Unclassified Establishments,NA,Single Loc,4,NA,039.978189,-75.175652
SHANIKA-Brown.Pixel.Com,2101 N College Ave,19121,NA,Unverified,Sharswood,2,NA,999977,Nonclassified Establishments,99999004,Unclassified Establishments,NA,Single Loc,1,NA,039.975227,-75.171211
Shannon Family Enterprises Inc,2127 W Seybert St,19121,SHANNON FAMILY ENTERPRISES INC,Unverified,Sharswood,2,NA,999977,Nonclassified Establishments,99999004,Unclassified Establishments,NA,Single Loc,4,NA,039.975574,-75.171355
Sharswood II Apartments,1415 N 21st St,19121,NA,Unverified,Sharswood,2,NA,651303,Apartments,53111002,Lessors Of Residential Buildings And Dwellings,1 to 4,Single Loc,13,"5,000 - 9,999",039.976361,-75.169932
Sharswood II Assoc LP,1450 N 21st St,19121,SHARSWOOD II ASSOC LP,Unverified,Sharswood,2,NA,999977,Nonclassified Establishments,99999004,Unclassified Establishments,NA,Single Loc,5,"2,500 - 4,999",039.977092,-75.170034
Siakwado Development Assn USA,1328 N 22nd St,19121,NA,Unverified,Sharswood,2,NA,861102,Associations,81391002,Business Associations,1 to 4,Single Loc,4,NA,039.976012,-75.172069
Silhouette Publishing,2225 N College Ave,19121,NA,Unverified,Sharswood,2,NA,274105,Publishers (Mfrs),51319907,All Other Publishers,1 to 4,Single Loc,4,NA,039.974888,-75.173047
Six Brothers Inc,2305 W Thompson St,19121,SIX BROTHERS INC,Unverified,Sharswood,2,NA,999977,Nonclassified Establishments,99999004,Unclassified Establishments,NA,Single Loc,4,NA,039.975293,-75.173894
Slade Unlimited LLC,2325 W Thompson St,19121,SLADE UNLIMITED LLC,Unverified,Sharswood,2,NA,999977,Nonclassified Establishments,99999004,Unclassified Establishments,NA,Single Loc,11,"1 - 1,499",039.975351,-75.174458
Soft Play Ground,2058 Ridge Ave,19121,NA,Unverified,Sharswood,2,NA,999977,Nonclassified Establishments,99999004,Unclassified Establishments,NA,Single Loc,3,NA,039.976910,-75.169451
Solomon Bull,2311 N College Ave,19121,NA,Unverified,Sharswood,2,NA,421213,Grain Hauling,48422005,"Specialized Freight (Except Used Goods) Trucking,",1 to 4,Single Loc,15,"1,500 - 2,499",039.974805,-75.174151
South Carolina Bapt Convention,2212 Stewart St # A2,19121,NA,Unverified,Sharswood,1,NA,999977,Nonclassified Establishments,99999004,Unclassified Establishments,NA,Single Loc,1,NA,039.977210,-75.172218
South Central Investments LLC,2033 W Master St,19121,SOUTH CENTRAL INVESTMENTS LLC,Unverified,Sharswood,2,NA,621111,Investments,52391001,Miscellaneous Intermediation,1 to 4,Single Loc,4,NA,039.976021,-75.169532
Sparkk Umoja LLC,2401 W Jefferson St,19121,SPARKK UMOJA LLC,Unverified,Sharswood,1,NA,999977,Nonclassified Establishments,99999004,Unclassified Establishments,NA,Single Loc,4,NA,039.978088,-75.174802
Sparkling New LLC,2316 W Seybert St,19121,SPARKLING NEW LLC,Unverified,Sharswood,2,NA,999977,Nonclassified Establishments,99999004,Unclassified Establishments,NA,Single Loc,3,NA,039.975556,-75.174163
Spyked By Chevvyb LLC,2339 W Thompson St,19121,SPYKED BY CHEVVYB LLC,Unverified,Sharswood,2,NA,999977,Nonclassified Establishments,99999004,Unclassified Establishments,NA,Single Loc,4,NA,039.975396,-75.174854
Sqad Inc,2101 S College Ave,19121,SQAD INC,Unverified,Sharswood,3,NA,999977,Nonclassified Establishments,99999004,Unclassified Establishments,NA,Single Loc,3,NA,039.972736,-75.173275
St Bear Imports & Exports LLC,2130 W Master St,19121,ST BEAR IMPORTS & EXPORTS LLC,Unverified,Sharswood,2,NA,509905,Importers (Whls),42399019,Other Miscellaneous Durable Goods Merchant Wholesa,1 to 4,Single Loc,4,NA,039.975943,-75.171221
St Paul House Of Worship,2024 Ridge Ave,19121,NA,Unverified,Sharswood,2,NA,866107,Churches,81311008,Religious Organizations,1 to 4,Single Loc,4,NA,039.976016,-75.169021
Stephen Girard Collection,2101 S College Ave # 116,19121,NA,Unverified,Sharswood,3,NA,841201,Museums,71211001,Museums,1 to 4,Single Loc,17,"1,500 - 2,499",039.973010,-75.17087
Stop & Recover,2349 W Thompson St,19121,NA,Unverified,Sharswood,2,NA,999977,Nonclassified Establishments,99999004,Unclassified Establishments,NA,Single Loc,4,NA,039.975434,-75.175135
Stormi's Special-Tees,1204 N Ringgold St,19121,NA,Unverified,Sharswood,2,NA,275902,Screen Printing (Mfrs),32311301,Commercial Screen Printing,1 to 4,Single Loc,4,NA,039.974806,-75.176108
Strength In Numbers Group LLC,1444 N 21st St,19121,STRENGTH IN NUMBERS GROUP LLC,Unverified,Sharswood,2,NA,999977,Nonclassified Establishments,99999004,Unclassified Establishments,NA,Single Loc,4,NA,039.977069,-75.170039
Studio Hair Rx LLC,2101 N College Ave,19121,STUDIO HAIR RX LLC,Unverified,Sharswood,2,NA,723106,Beauty Salons,81211202,Beauty Salons,1 to 4,Single Loc,11,"1 - 1,499",039.975227,-75.171211
Supreme Painting,1212 N Ringgold St,19121,SUPREME PAINTING,Unverified,Sharswood,2,NA,172101,Painters,23832003,Painting And Wall Covering Contractors,1 to 4,Single Loc,3,NA,039.974961,-75.176078
Supreme Realtor LLC,2109 W Seybert St # A,19121,SUPREME REALTOR LLC,Unverified,Sharswood,2,NA,653118,Real Estate,53121003,Offices Of Real Estate Agents And Brokers,1 to 4,Single Loc,4,NA,039.975622,-75.170835
T & K Grassroots LLC,2409 N College Ave,19121,T & K GRASSROOTS LLC,Unverified,Sharswood,2,NA,999977,Nonclassified Establishments,99999004,Unclassified Establishments,NA,Single Loc,4,NA,039.974583,-75.17623
T Barber Enterprises LLC,2447 Harlan St,19121,T BARBER ENTERPRISES LLC,Unverified,Sharswood,1,NA,724101,Barbers,81211101,Barber Shops,1 to 4,Single Loc,4,NA,039.977169,-75.17619
Taj Real Estate & Invstmnt LLC,1410 N 23rd St,19121,TAJ REAL ESTATE & INVSTMNT LLC,Unverified,Sharswood,1,NA,653118,Real Estate,53121003,Offices Of Real Estate Agents And Brokers,1 to 4,Single Loc,4,NA,039.976689,-75.173524
Tattee Boy Clothes,2411 W Thompson St # 1,19121,NA,Unverified,Sharswood,2,NA,565101,Clothing-Retail,45811041,Clothing And Clothing Accessories Retailers,1 to 4,Single Loc,2,NA,039.975529,-75.175802
Thor Equity LLC,2430 W Jefferson St,19121,THOR EQUITY AS LLC,Unverified,Sharswood,1,NA,653108,Real Estate Management,53121005,Offices Of Real Estate Agents And Brokers,1 to 4,Single Loc,11,"1,500 - 2,499",039.977942,-75.175673
Tivejo,2437 W Thompson St,19121,NA,Unverified,Sharswood,2,NA,999977,Nonclassified Establishments,99999004,Unclassified Establishments,NA,Single Loc,5,NA,039.975591,-75.176517
TMT Brothers Investments LLC,2129 W Jefferson St,19121,TMT BROTHERS INVESTMENTS LLC,Unverified,Sharswood,2,NA,621111,Investments,52391001,Miscellaneous Intermediation,1 to 4,Single Loc,4,NA,039.977591,-75.170846
TN Ward Co,2333 W Jefferson St,19121,NA,Unverified,Sharswood,1,NA,999977,Nonclassified Establishments,99999004,Unclassified Establishments,NA,Single Loc,8,"1 - 1,499",039.977797,-75.173021
Top Tier Transportation Group,2142 W Master St,19121,TOP TIER TRANSPORTATION GROUP,Unverified,Sharswood,2,NA,999977,Nonclassified Establishments,99999004,Unclassified Establishments,NA,Single Loc,3,NA,039.976004,-75.171551
Total Hands Home Care LLC,2213 W Seybert St,19121,TOTAL HANDS HOME CARE LLC,Unverified,Sharswood,2,NA,478977,Transportation,48821008,Support Activities For Rail Transportation,1 to 4,Single Loc,4,NA,039.975559,-75.172457
Totally Booked,2013 N College Ave # 3,19121,NA,Unverified,Sharswood,2,NA,999977,Nonclassified Establishments,99999004,Unclassified Establishments,NA,Single Loc,4,NA,039.975367,-75.168901
Town Of Rising Sun,2101 S College Ave,19121,NA,Unverified,Sharswood,3,NA,912104,Government Offices-City/Village & Twp,92112006,Legislative Bodies,20 to 49,Single Loc,3,NA,039.972736,-75.173275
Transformation Christian Chr,2019 W Jefferson St,19121,TRANSFORMATION CHRISTIAN CHURCH,Unverified,Sharswood,2,NA,866107,Churches,81311008,Religious Organizations,1 to 4,Single Loc,34,"1,500 - 2,499",039.977361,-75.16887
Treasuring Knowledge,2103 W Jefferson St,19121,TREASURING KNOWLEDGE,Unverified,Sharswood,2,NA,999977,Nonclassified Establishments,99999004,Unclassified Establishments,NA,Single Loc,3,NA,039.977549,-75.170038
Trident Acquisition Partners,2430 W Jefferson St,19121,TRIDENT ACQUISITION PARTNERS LLC,Unverified,Sharswood,1,NA,653104,Real Estate Investments,53121004,Offices Of Real Estate Agents And Brokers,1 to 4,Single Loc,11,"2,500 - 4,999",039.977942,-75.175673
Trillionaire Paint School LLC,1326 N 22nd St,19121,TRILLIONAIRE PAINT SCHOOL LLC,Unverified,Sharswood,2,NA,821103,Schools,61111007,Elementary And Secondary Schools,50 to 99,Single Loc,4,NA,039.975966,-75.172079
Trinity Day Care & After Sch,2318 W Thompson St,19121,NA,Unverified,Sharswood,2,NA,835101,Child Care Service,62441003,Child Care Services,1 to 4,Single Loc,15,"1,500 - 2,499",039.975038,-75.174304
Triple D's Auto LTD Co,2422 W Master St,19121,NA,Unverified,Sharswood,2,NA,999977,Nonclassified Establishments,99999004,Unclassified Establishments,NA,Single Loc,4,NA,039.976554,-75.175781
Triumf,2428 W Thompson St,19121,NA,Unverified,Sharswood,2,NA,999977,Nonclassified Establishments,99999004,Unclassified Establishments,NA,Single Loc,2,NA,039.975299,-75.176573
Trojan Childrens Positive,2058 Ridge Ave # 1,19121,NA,Unverified,Sharswood,2,NA,835101,Child Care Service,62441003,Child Care Services,1 to 4,Single Loc,12,"1 - 1,499",039.976910,-75.169451
True Appliances LLC,2320 W Oxford St,19121,TRUE APPLIANCES LLC,Unverified,Sharswood,1,NA,762902,Appliances-Household-Major-Repairing,81141201,Appliance Repair And Maintenance,1 to 4,Single Loc,3,NA,039.979151,-75.173193
Tshoa2023 LLC,2430 W Jefferson St,19121,TSHOA2023 LLC,Unverified,Sharswood,1,NA,999977,Nonclassified Establishments,99999004,Unclassified Establishments,NA,Single Loc,1,NA,039.977942,-75.175673
Two Trees,2217 W Seybert St,19121,NA,Unverified,Sharswood,2,NA,078301,Tree Service,56173022,Landscaping Services,1 to 4,Single Loc,2,NA,039.975570,-75.172557
Twoseoguys LLC,2431 W Jefferson St,19121,TWOSEOGUYS LLC,Unverified,Sharswood,1,NA,999977,Nonclassified Establishments,99999004,Unclassified Establishments,NA,Single Loc,4,NA,039.978189,-75.175652
Twyneup LLC,2101 N College Ave # C6,19121,TWYNEUP LLC,Unverified,Sharswood,2,NA,999977,Nonclassified Establishments,99999004,Unclassified Establishments,NA,Single Loc,12,"1 - 1,499",039.975227,-75.171211
Union Baptist Assn-Pa Nj-De,2220 W Master St,19121,NA,Unverified,Sharswood,2,NA,866107,Churches,81311008,Religious Organizations,1 to 4,Single Loc,4,NA,039.976134,-75.17263
Union Discount Ctr Inc,2050 Ridge Ave,19121,UNION DISCOUNT CTR INC,Unverified,Sharswood,2,NA,999977,Nonclassified Establishments,99999004,Unclassified Establishments,NA,Single Loc,4,NA,039.976741,-75.169369
Unique Cleaning,2123 W Master St,19121,NA,Unverified,Sharswood,2,NA,999977,Nonclassified Establishments,99999004,Unclassified Establishments,NA,Single Loc,2,NA,039.976224,-75.171097
United American Veterans,2335 N College Ave,19121,NA,Unverified,Sharswood,2,NA,864102,Veterans' & Military Organizations,81341003,Civic And Social Organizations,1 to 4,Single Loc,4,NA,039.974745,-75.17481
United Methodist Church,2412 W Seybert St,19121,UNITED METHODIST CHURCH,Unverified,Sharswood,2,NA,866107,Churches,81311008,Religious Organizations,1 to 4,Single Loc,7,"1,500 - 2,499",039.975785,-75.175627
Universal Enterprise Logistics,1206 N 24th St # C,19121,UNIVERSAL ENTERPRISE LOGISTICS LLC,Unverified,Sharswood,2,NA,999977,Nonclassified Establishments,99999004,Unclassified Establishments,NA,Single Loc,3,NA,039.974914,-75.175581
Universal Improvement Co,2137 W Jefferson St,19121,NA,Unverified,Sharswood,2,NA,999977,Nonclassified Establishments,99999004,Unclassified Establishments,NA,Single Loc,4,NA,039.977622,-75.171055
University Of PA Law Review,1425 N 23rd St,19121,NA,Unverified,Sharswood,1,NA,822103,Law Schools,61131004,"Colleges, Universities, And Professional Schools",NA,Single Loc,3,NA,039.977098,-75.173184
Untal Nobles-Tabernacle Gospel,2034 Ridge Ave,19121,NA,Unverified,Sharswood,2,NA,866107,Churches,81311008,Religious Organizations,1 to 4,Single Loc,15,"1,500 - 2,499",039.976261,-75.169144
VMR Corp,2438 W Thompson St,19121,VMR CORP,Unverified,Sharswood,2,NA,541105,Grocers-Retail,44511003,Supermarkets And Other Grocery Retailers (Except C,1 to 4,Single Loc,21,"1,500 - 2,499",039.975355,-75.176786
Volia Personal Chef Svc LLC,2215 W Thompson St,19121,VOLIA! PERSONAL CHEF SVC LTD LIABILITY CO,Unverified,Sharswood,2,NA,999977,Nonclassified Establishments,99999004,Unclassified Establishments,NA,Single Loc,4,NA,039.975106,-75.172601
"Watts, Daud",1410 N 23rd St # 2,19121,NA,Unverified,Sharswood,1,NA,999977,Nonclassified Establishments,99999004,Unclassified Establishments,1 to 4,Single Loc,11,"1 - 1,499",039.976689,-75.173524
Wave Property Group LLC,1204 N 24th St # 5,19121,WAVE PROPERTY GROUP LLC,Unverified,Sharswood,2,NA,653118,Real Estate,53121003,Offices Of Real Estate Agents And Brokers,1 to 4,Single Loc,3,NA,039.974870,-75.175591
Wes Health Ctr,2311 W Jefferson St,19121,NA,Unverified,Sharswood,1,NA,809907,Health Services,62199921,All Other Miscellaneous Ambulatory Health Care Ser,5 to 9,Single Loc,14,"5,000 - 9,999",039.977794,-75.172997
Wherever Bar,2111 W Master St # A,19121,NA,Unverified,Sharswood,2,NA,999977,Nonclassified Establishments,99999004,Unclassified Establishments,NA,Single Loc,4,NA,039.976165,-75.170686
Wiiliams & Sons Trucking Co,2425 W Master St,19121,NA,Unverified,Sharswood,1,NA,421304,Trucking,48423013,"Specialized Freight (Except Used Goods) Trucking,",1 to 4,Single Loc,4,NA,039.976835,-75.175957
William G Smith & Sons Inc,2100 Bolton St,19121,WILLIAM G SMITH & SONS INC,Unverified,Sharswood,2,NA,999977,Nonclassified Establishments,99999004,Unclassified Establishments,NA,Single Loc,4,NA,039.978018,-75.170324
Wilmington Youth Rowing Assn,2208 W Seybert St,19121,NA,Unverified,Sharswood,2,NA,999977,Nonclassified Establishments,99999004,Unclassified Establishments,NA,Single Loc,1,NA,039.975332,-75.172404
Wine & Spirits,2100 Ridge Ave,19121,NA,Unverified,Sharswood,2,NA,592102,Liquors-Retail,44532004,"Beer, Wine, And Liquor Retailers",1 to 4,Single Loc,14,"1,500 - 2,499",039.977905,-75.170048
Winner Service,2137 W Jefferson St,19121,NA,Unverified,Sharswood,2,NA,899999,Services NEC,54199009,"All Other Professional, Scientific, And Technical",1 to 4,Single Loc,4,NA,039.977622,-75.171055
Wise Contractor LLC,2109 W Seybert St,19121,WISE CONTRACTOR LLC,Unverified,Sharswood,2,NA,999977,Nonclassified Establishments,99999004,Unclassified Establishments,NA,Single Loc,3,NA,039.975622,-75.170835
Women In Wealth Network LLC,2439 N College Ave # 5,19121,WOMEN IN WEALTH NETWORK LLC,Unverified,Sharswood,2,NA,999977,Nonclassified Establishments,99999004,Unclassified Establishments,NA,Single Loc,4,NA,039.974511,-75.17695
Wood County Board Of Education,2110 W Jefferson St,19121,NA,Unverified,Sharswood,2,NA,821113,Boards Of Education,61111005,Elementary And Secondary Schools,50 to 99,Single Loc,2,NA,039.977242,-75.170371
Xo Monae LLC,1430 N 22nd St,19121,XO MONAE LLC,Unverified,Sharswood,1,NA,999977,Nonclassified Establishments,99999004,Unclassified Establishments,NA,Single Loc,4,NA,039.976663,-75.17178
Ynot Teach,2220 W Master St # 5,19121,NA,Unverified,Sharswood,2,NA,999977,Nonclassified Establishments,99999004,Unclassified Establishments,NA,Single Loc,4,NA,039.976134,-75.17263
Young Queens Rise Inc,1218 N Ringgold St,19121,YOUNG QUEENS RISE INC,Unverified,Sharswood,2,NA,999977,Nonclassified Establishments,99999004,Unclassified Establishments,NA,Single Loc,3,NA,039.975076,-75.176056
Youth Concerned For The Cmnty,2403 W Master St,19121,NA,Unverified,Sharswood,1,NA,832222,Youth Organizations & Centers,62411006,Child And Youth Services,20 to 49,Single Loc,4,NA,039.976726,-75.175165
Yum's Kitchen LLC,2227 W Thompson St # 2,19121,YUM'S KITCHEN LLC,Unverified,Sharswood,2,NA,571211,Kitchen Cabinets & Equipment-Household,33711006,Wood Kitchen Cabinet And Countertop Manufacturing,1 to 4,Single Loc,4,NA,039.975156,-75.172941
Zamssoul LLC,2216 W Oxford St,19121,ZAMSSOUL LLC,Unverified,Sharswood,1,NA,999977,Nonclassified Establishments,99999004,Unclassified Establishments,NA,Single Loc,4,NA,039.978967,-75.17171
Zoogang LLC,2425 W Master St,19121,ZOOGANG LLC,Unverified,Sharswood,1,NA,999977,Nonclassified Establishments,99999004,Unclassified Establishments,NA,Single Loc,4,NA,039.976835,-75.175957
